year,UNITID,XGRCOHRT,GRCOHRT,XUGENTER,UGENTERN,XPGRCOHR,PGRCOHRT,XRRFTCT,RRFTCT,XRRFTEX,RRFTEX,XRRFTIN,RRFTIN,XRRFTCTA,RRFTCTA,XRET_NMF,RET_NMF,XRET_PCF,RET_PCF,XRRPTCT,RRPTCT,XRRPTEX,RRPTEX,XRRPTIN,RRPTIN,XRRPTCTA,RRPTCTA,XRET_NMP,RET_NMP,XRET_PCP,RET_PCP,XSTUFACR,STUFACR 
2019,100858,R,4761,R,6071,R,78,R,4744,R,10,R,0,R,4734,R,4325,R,91,R,39,R,0,R,0,R,39,R,22,R,56,R,20
2019,110404,R,235,R,241,R,98,R,231,R,1,Z,0,R,230,R,226,R,98,A,,A,,A,,A,,A,,A,,R,3
2019,110635,R,6422,R,9026,R,71,R,5980,R,0,R,0,R,5980,R,5797,R,97,R,32,R,0,R,0,R,32,R,23,R,72,R,19
2019,110644,R,5896,R,9083,R,65,R,6296,R,0,R,0,R,6296,R,5817,R,92,R,97,R,0,R,0,R,97,R,75,R,77,R,20
2019,110653,R,6053,R,9186,R,66,R,5779,R,0,R,0,R,5779,R,5425,R,94,R,14,R,0,R,0,R,14,R,11,R,79,R,18
2019,110662,R,5908,R,9209,R,64,R,6233,R,0,R,0,R,6233,R,6015,R,97,R,7,R,0,R,0,R,7,R,6,R,86,R,18
2019,110671,R,4743,R,6760,R,70,R,4530,R,0,R,0,R,4530,R,4057,R,90,R,5,R,0,R,0,R,5,R,2,R,40,R,22
2019,110680,R,6011,R,9190,R,65,R,6701,R,0,R,0,R,6701,R,6261,R,93,R,6,R,0,R,0,R,6,R,5,R,83,R,19
2019,110705,R,4928,R,7062,R,70,R,5084,R,0,R,0,R,5084,R,4672,R,92,R,10,R,0,R,0,R,10,R,7,R,70,R,18
2019,110714,R,3700,R,5194,R,71,R,3682,R,0,R,0,R,3682,R,3264,R,89,R,13,R,0,R,0,R,13,R,5,R,38,R,25
2019,121150,R,724,R,864,R,84,R,800,R,1,Z,0,R,799,R,727,R,91,R,3,Z,0,Z,0,R,3,R,2,R,67,R,13
2019,122931,R,1388,R,1589,R,87,R,1390,R,0,R,0,R,1390,R,1308,R,94,R,1,R,0,R,0,R,1,R,0,R,0,R,10
2019,123961,R,3165,R,4909,R,64,R,3399,R,0,Z,0,R,3399,R,3277,R,96,R,2,R,0,Z,0,R,2,R,2,R,100,R,9
2019,126614,R,7038,R,8814,R,80,R,6613,R,0,R,0,R,6613,R,5741,R,87,R,75,R,0,R,0,R,75,R,44,R,59,R,18
2019,126775,R,1279,R,1511,R,85,R,1196,R,0,R,0,R,1196,R,1099,R,92,R,2,R,0,R,0,R,2,R,2,R,100,R,15
2019,129020,R,3600,R,4466,R,81,R,3700,R,4,Z,0,R,3696,R,3458,R,94,R,11,Z,0,Z,0,R,11,R,4,R,36,R,16
2019,130794,R,1550,R,1574,R,98,R,1573,Z,0,Z,0,R,1573,R,1556,R,99,A,,A,,A,,A,,A,,A,,R,6
2019,130943,R,4604,R,5174,R,89,R,4242,R,0,R,0,R,4242,R,3868,R,91,R,6,R,0,R,0,R,6,R,3,R,50,R,15
2019,131159,R,1753,R,2567,R,68,R,1752,R,0,R,0,R,1752,R,1519,R,87,R,6,R,0,R,0,R,6,R,4,R,67,R,11
2019,131469,R,2609,R,3520,R,74,R,2838,R,1,Z,0,R,2837,R,2611,R,92,R,7,Z,0,Z,0,R,7,R,5,R,71,R,13
2019,131496,R,1579,R,1834,R,86,R,1618,R,0,R,0,R,1618,R,1566,R,97,R,3,R,0,R,0,R,3,R,2,R,67,R,11
2019,131520,R,1920,R,2170,R,88,R,1498,R,0,R,0,R,1498,R,1293,R,86,R,3,R,0,R,0,R,3,R,2,R,67,R,10
2019,133951,R,3306,R,15127,R,22,R,3942,Z,0,Z,0,R,3942,R,3514,R,89,R,499,Z,0,Z,0,R,499,R,392,R,79,R,27
2019,134097,R,7056,R,9536,R,74,R,6259,R,1,R,0,R,6258,R,5816,R,93,R,65,R,0,R,0,R,65,R,54,R,83,R,21
2019,134130,R,6507,R,8866,R,73,R,6758,R,0,R,0,R,6758,R,6530,R,97,R,34,R,0,R,0,R,34,R,28,R,82,R,17
2019,135726,R,2180,R,2956,R,74,R,2342,R,1,R,0,R,2341,R,2173,R,93,R,25,R,0,R,0,R,25,R,22,R,88,R,12
2019,137351,R,5050,R,9134,R,55,R,4334,R,2,R,0,R,4332,R,3958,R,91,R,100,R,1,R,0,R,99,R,74,R,75,R,23
2019,139658,R,1374,R,2121,R,65,R,1429,R,8,R,0,R,1421,R,1356,R,95,R,2,R,0,R,0,R,2,R,1,R,50,R,9
2019,139755,R,3073,R,4499,R,68,R,3115,R,0,R,0,R,3115,R,3029,R,97,R,1,R,0,R,0,R,1,R,1,R,100,R,19
2019,139959,R,5487,R,7051,R,78,R,5703,R,0,R,0,R,5703,R,5447,R,96,R,24,R,0,R,0,R,24,R,23,R,96,R,17
2019,144050,R,1725,R,1837,R,94,R,1809,R,4,R,0,R,1805,R,1788,R,99,A,,A,,A,,A,,A,,A,,R,5
2019,145600,R,4381,R,6738,R,65,R,4109,R,1,R,0,R,4108,R,3253,R,79,R,50,R,0,R,0,R,50,R,22,R,44,R,18
2019,145637,R,7660,R,10023,R,76,R,7600,R,3,R,0,R,7597,R,7056,R,93,R,9,R,0,R,0,R,9,R,6,R,67,R,20
2019,147767,R,2006,R,2306,R,87,R,1931,R,2,R,0,R,1929,R,1894,R,98,A,,A,,A,,A,,A,,A,,R,6
2019,151351,R,8268,R,9157,R,90,R,8058,R,2,R,0,R,8056,R,7263,R,90,R,39,R,0,R,0,R,39,R,34,R,87,R,16
2019,152080,R,2051,R,2243,R,91,R,2070,R,0,R,0,R,2070,R,2024,R,98,A,,A,,A,,A,,A,,A,,R,9
2019,160472,A,,A,,A,,R,34,R,0,R,0,R,34,R,27,R,79,A,,A,,A,,A,,A,,A,,R,14
2019,160755,R,1821,R,1972,R,92,R,1909,R,1,Z,0,R,1908,R,1770,R,93,A,,A,,A,,A,,A,,A,,R,8
2019,162928,R,1475,R,1906,R,77,R,1420,R,5,Z,0,R,1415,R,1377,R,97,A,,A,,A,,A,,A,,A,,R,6
2019,163286,R,5326,R,7678,R,69,R,6021,R,1,R,13,R,6033,R,5730,R,95,R,18,R,0,R,0,R,18,R,14,R,78,R,18
2019,164924,R,2297,R,2448,R,94,R,2326,R,0,R,0,R,2326,R,2202,R,95,A,,A,,A,,A,,A,,A,,R,13
2019,164988,R,3156,R,4677,R,67,R,3611,R,21,R,0,R,3590,R,3371,R,94,R,1,R,0,R,0,R,1,R,0,R,0,R,10
2019,165015,R,863,R,908,R,95,R,895,R,1,R,0,R,894,R,834,R,93,A,,A,,A,,A,,A,,A,,R,10
2019,166027,R,1646,R,3603,R,46,R,1652,R,0,R,0,R,1652,R,1606,R,97,A,,A,,A,,A,,A,,A,,R,6
2019,166629,R,5731,R,7423,R,77,R,4993,R,6,R,0,R,4987,R,4540,R,91,R,17,R,0,R,0,R,17,R,5,R,29,R,17
2019,166683,R,1102,R,1133,R,97,R,1114,R,1,R,0,R,1113,R,1107,R,99,A,,A,,A,,A,,A,,A,,R,3
2019,167358,R,2995,R,3459,R,87,R,2746,R,3,Z,0,R,2743,R,2723,R,99,A,,A,,A,,A,,A,,A,,R,14
2019,168148,R,1613,R,1740,R,93,R,1541,R,0,R,0,R,1541,R,1481,R,96,R,0,R,0,R,0,R,0,R,0,A,,R,9
2019,168421,R,1199,R,1276,R,94,R,1276,R,0,R,0,R,1276,R,1217,R,95,A,,A,,A,,A,,A,,A,,R,14
2019,170976,R,6814,R,8282,R,82,R,6664,R,0,R,0,R,6664,R,6459,R,97,R,31,R,0,R,0,R,31,R,28,R,90,R,11
2019,171100,R,8638,R,10258,R,84,R,8500,R,0,R,0,R,8500,R,7755,R,91,R,188,R,1,R,0,R,187,R,107,R,57,R,16
2019,174066,R,6259,R,10543,R,59,R,5962,R,0,Z,0,R,5962,R,5555,R,93,R,15,R,0,Z,0,R,15,R,12,R,80,R,17
2019,179867,R,1730,R,2055,R,84,R,1785,R,3,R,0,R,1782,R,1726,R,97,R,12,R,0,R,0,R,12,R,9,R,75,R,7
2019,182670,R,1190,R,1278,R,93,R,1167,R,0,Z,0,R,1167,R,1143,R,98,A,,A,,A,,A,,A,,A,,R,7
2019,185828,R,1299,R,2824,R,46,R,1235,Z,0,Z,0,R,1235,R,1087,R,88,R,22,Z,0,Z,0,R,22,R,12,R,55,R,16
2019,186131,R,1335,R,1411,R,95,R,1338,R,0,R,0,R,1338,R,1307,R,98,A,,A,,A,,A,,A,,A,,R,5
2019,186371,R,746,R,1641,R,45,R,817,R,0,R,0,R,817,R,692,R,85,R,4,R,0,R,0,R,4,R,3,R,75,R,15
2019,186380,R,7311,R,10051,R,73,R,6788,R,0,R,0,R,6788,R,6296,R,93,R,8,R,0,R,0,R,8,R,8,R,100,R,16
2019,186399,R,1398,R,2739,R,51,R,1318,R,0,R,0,R,1318,R,1094,R,83,R,8,R,0,R,0,R,8,R,2,R,25,R,16
2019,186867,R,969,R,1000,R,97,R,1009,R,2,R,0,R,1007,R,946,R,94,A,,A,,A,,A,,A,,A,,R,12
2019,190415,R,3189,R,3789,R,84,R,3295,Z,0,Z,0,R,3295,R,3212,R,97,A,,A,,A,,A,,A,,A,,R,9
2019,191241,R,2260,R,2790,R,81,R,2285,R,1,R,0,R,2284,R,2080,R,91,R,14,R,0,R,0,R,14,R,10,R,71,R,13
2019,193900,R,5739,R,7006,R,82,R,6110,R,20,R,0,R,6090,R,5750,R,94,R,7,R,0,R,0,R,7,R,5,R,71,R,9
2019,194824,R,1665,R,1811,R,92,R,1778,R,0,R,0,R,1778,R,1641,R,92,A,,A,,A,,A,,A,,A,,R,12
2019,195003,R,2682,R,3530,R,76,R,2699,R,6,R,0,R,2693,R,2382,R,88,R,1,R,0,R,0,R,1,R,0,R,0,R,13
2019,195030,R,1500,R,1800,R,83,R,1522,R,2,R,0,R,1520,R,1424,R,94,A,,A,,A,,A,,A,,A,,R,10
2019,196079,R,2893,R,3905,R,74,R,2906,R,3,R,0,R,2903,R,2609,R,90,R,43,R,0,R,0,R,43,R,40,R,93,R,19
2019,196088,R,4272,R,6041,R,71,R,4252,Z,0,Z,0,R,4252,R,3670,R,86,R,10,Z,0,Z,0,R,10,R,6,R,60,R,14
2019,196097,R,3369,R,5058,R,67,R,3375,R,0,R,0,R,3375,R,3000,R,89,R,8,R,0,R,0,R,8,R,5,R,63,R,19
2019,196413,R,3641,R,4291,R,85,R,3595,R,3,R,0,R,3592,R,3298,R,92,R,4,R,0,R,0,R,4,R,2,R,50,R,15
2019,197708,R,550,R,674,R,82,R,531,Z,0,Z,0,R,531,R,482,R,91,R,7,Z,0,Z,0,R,7,R,3,R,43,R,7
2019,198419,R,1731,R,1773,R,98,R,1731,R,0,R,0,R,1731,R,1701,R,98,A,,A,,A,,A,,A,,A,,R,6
2019,199120,R,4167,R,5125,R,81,R,4318,R,0,Z,0,R,4318,R,4161,R,96,R,9,R,0,Z,0,R,9,R,5,R,56,R,13
2019,199193,R,4863,R,7436,R,65,R,4832,R,0,Z,0,R,4832,R,4562,R,94,R,13,R,0,Z,0,R,13,R,9,R,69,R,14
2019,199847,R,1359,R,1391,R,98,R,1420,R,0,Z,0,R,1420,R,1338,R,94,R,1,Z,0,Z,0,R,1,R,1,R,100,R,10
2019,201645,R,1357,R,1473,R,92,R,1393,R,1,Z,0,R,1392,R,1298,R,93,R,0,Z,0,Z,0,R,0,R,0,A,,R,11
2019,204796,R,7708,R,12410,R,62,R,7941,R,1,R,0,R,7940,R,7470,R,94,R,3,R,0,R,0,R,3,R,2,R,67,R,19
2019,211440,R,1585,R,1687,R,94,R,1572,R,5,R,0,R,1567,R,1525,R,97,R,0,R,0,R,0,R,0,R,0,A,,R,5
2019,212054,R,3161,R,3930,R,80,R,3353,R,0,R,0,R,3353,R,2968,R,89,R,12,R,0,R,0,R,12,R,7,R,58,R,11
2019,213543,R,1406,R,1437,R,98,R,1275,R,0,R,0,R,1275,R,1192,R,93,A,,A,,A,,A,,A,,A,,R,9
2019,214777,R,15744,R,20512,R,77,R,15233,R,2,R,0,R,15231,R,13365,R,88,R,194,R,0,R,0,R,194,R,88,R,45,R,15
2019,215062,R,2341,R,3253,R,72,R,2457,R,4,R,0,R,2453,R,2406,R,98,R,53,R,0,R,0,R,53,R,49,R,92,R,6
2019,215293,R,4022,R,9144,R,44,R,4126,R,1,R,0,R,4125,R,3829,R,93,R,0,R,0,R,0,R,0,R,0,A,,R,14
2019,216597,R,1686,R,1811,R,93,R,1685,R,1,R,0,R,1684,R,1610,R,96,R,3,R,0,R,0,R,3,R,1,R,33,R,11
2019,217156,R,1660,R,1974,R,84,R,1652,R,1,R,0,R,1651,R,1617,R,98,A,,A,,A,,A,,A,,A,,R,6
2019,217882,R,3928,R,5529,R,71,R,3785,R,2,R,0,R,3783,R,3526,R,93,R,4,R,0,R,0,R,4,R,4,R,100,R,16
2019,217925,R,132,R,267,R,49,R,108,R,0,R,0,R,108,R,74,R,69,A,,A,,A,,A,,A,,A,,R,14
2019,221999,R,1603,R,1841,R,87,R,1601,R,3,R,0,R,1598,R,1550,R,97,R,1,R,0,R,0,R,1,R,1,R,100,R,7
2019,223232,R,3303,R,3810,R,87,R,3364,R,0,R,0,R,3364,R,2972,R,88,R,2,R,0,R,0,R,2,R,2,R,100,R,13
2019,227757,R,961,R,1014,R,95,R,956,R,2,R,0,R,954,R,932,R,98,A,,A,,A,,A,,A,,A,,R,6
2019,228246,R,1541,R,1852,R,83,R,1526,R,0,R,0,R,1526,R,1396,R,91,R,4,R,0,R,0,R,4,R,4,R,100,R,11
2019,228723,R,9618,R,14151,R,68,R,10049,R,0,R,0,R,10049,R,9369,R,93,R,1082,R,0,R,0,R,1082,R,975,R,90,R,20
2019,228778,R,8007,R,9873,R,81,R,8817,R,0,R,0,R,8817,R,8437,R,96,R,143,R,0,R,0,R,143,R,118,R,83,R,19
2019,228875,R,2153,R,2543,R,85,R,2187,R,0,R,0,R,2187,R,1996,R,91,R,7,R,0,R,0,R,7,R,4,R,57,R,13
2019,231624,R,1527,R,1703,R,90,R,1545,R,1,R,0,R,1544,R,1461,R,95,R,0,Z,0,Z,0,R,0,Z,0,A,,R,11
2019,234076,R,3920,R,4830,R,81,R,3822,R,1,R,0,R,3821,R,3719,R,97,R,0,R,0,R,0,R,0,R,0,A,,R,15
2019,236948,R,6920,R,9291,R,74,R,7096,R,2,R,0,R,7094,R,6729,R,95,R,65,R,0,R,0,R,65,R,53,R,82,R,20
2019,239105,R,1974,R,2314,R,85,R,2162,R,0,Z,0,R,2162,R,1946,R,90,R,2,R,0,Z,0,R,2,R,2,R,100,R,14
2019,240444,R,7534,R,9300,R,81,R,6851,R,0,R,0,R,6851,R,6528,R,95,R,11,R,0,R,0,R,11,R,8,R,73,R,17
2019,243744,R,1698,R,1720,R,99,R,1696,R,0,R,0,R,1696,R,1675,R,99,A,,A,,A,,A,,A,,A,,R,5
2019,243780,R,8140,R,9483,R,86,R,8453,R,2,Z,0,R,8451,R,7716,R,91,R,27,R,0,Z,0,R,27,R,20,R,74,R,13
2019,445188,R,2101,R,2282,R,92,R,2206,R,0,R,0,R,2206,R,1868,R,85,R,8,R,0,R,0,R,8,R,3,R,38,R,19
2020,100858,R,4869,R,6014,R,81,R,4761,R,2,Z,0,R,4759,R,4377,R,92,R,47,R,2,Z,0,R,45,R,34,R,76,R,20
2020,110404,R,225,R,229,R,98,R,235,R,0,Z,0,R,235,R,220,R,94,A,,A,,A,,A,,A,,A,,R,3
2020,110635,R,6072,R,8614,R,70,R,6422,R,0,R,0,R,6422,R,6174,R,96,R,32,R,0,R,0,R,32,R,30,R,94,R,19
2020,110644,R,6000,R,9241,R,65,R,5896,R,0,R,0,R,5896,R,5484,R,93,R,61,R,0,R,0,R,61,R,50,R,82,R,20
2020,110653,R,5742,R,8510,R,67,R,6053,R,0,R,0,R,6053,R,5714,R,94,R,16,R,0,R,0,R,16,R,10,R,63,R,18
2020,110662,R,6378,R,10173,R,63,R,5908,R,0,R,0,R,5908,R,5650,R,96,R,11,R,0,R,0,R,11,R,8,R,73,R,18
2020,110671,R,4818,R,7007,R,69,R,4743,R,0,R,0,R,4743,R,4314,R,91,R,26,R,0,R,0,R,26,R,18,R,69,R,22
2020,110680,R,6423,R,9794,R,66,R,6011,R,0,R,0,R,6011,R,5660,R,94,R,12,R,0,R,0,R,12,R,6,R,50,R,19
2020,110705,R,4813,R,7330,R,66,R,4928,R,0,R,0,R,4928,R,4476,R,91,R,7,R,0,R,0,R,7,R,5,R,71,R,18
2020,110714,R,4158,R,5853,R,71,R,3700,R,0,R,0,R,3700,R,3142,R,85,R,13,R,0,R,0,R,13,R,7,R,54,R,25
2020,121150,R,726,R,870,R,83,R,724,Z,0,Z,0,R,724,R,613,R,85,R,2,Z,0,Z,0,R,2,R,1,R,50,R,13
2020,122931,R,1257,R,1459,R,86,R,1388,R,0,R,0,R,1388,R,1284,R,93,R,3,R,0,R,0,R,3,R,3,R,100,R,11
2020,123961,R,3436,R,4950,R,69,R,3165,R,0,R,0,R,3165,R,2889,R,91,A,,A,,A,,A,,A,,A,,R,9
2020,126614,R,6230,R,7940,R,78,R,7038,R,1,R,0,R,7037,R,5980,R,85,R,66,R,1,R,0,R,65,R,35,R,54,R,18
2020,126775,R,1158,R,1349,R,86,R,1279,R,0,R,0,R,1279,R,1175,R,92,R,3,R,0,R,0,R,3,R,3,R,100,R,17
2020,129020,R,3806,R,4684,R,81,R,3567,R,3,Z,0,R,3564,R,3314,R,93,R,3,Z,0,Z,0,R,3,R,3,R,100,R,16
2020,130794,R,1264,R,1280,R,99,R,1550,Z,0,Z,0,R,1550,R,1014,R,65,A,,A,,A,,A,,A,,A,,R,4
2020,130943,R,4145,R,4600,R,90,R,4137,R,0,R,0,R,4137,R,3711,R,90,R,8,R,0,R,0,R,8,R,2,R,25,R,15
2020,131159,R,1585,R,2094,R,76,R,1753,Z,0,Z,0,R,1753,R,1486,R,85,R,1,Z,0,Z,0,R,1,R,0,R,0,R,11
2020,131469,R,1949,R,3053,R,64,R,2609,R,10,Z,0,R,2599,R,2288,R,88,R,10,Z,0,Z,0,R,10,R,7,R,70,R,13
2020,131496,R,1550,R,1843,R,84,R,1579,R,0,R,0,R,1579,R,1483,R,94,R,3,R,0,R,0,R,3,R,2,R,67,R,11
2020,131520,R,2358,R,2627,R,90,R,1920,R,2,R,0,R,1918,R,1726,R,90,R,5,Z,0,Z,0,R,5,R,1,R,20,R,12
2020,133951,R,2734,R,14495,R,19,R,3306,R,8,Z,0,R,3298,R,3003,R,91,R,692,Z,0,Z,0,R,692,R,572,R,83,R,25
2020,134097,R,5916,R,8099,R,73,R,7056,R,0,R,1,R,7057,R,6669,R,95,R,50,R,0,R,0,R,50,R,40,R,80,R,21
2020,134130,R,6301,R,8547,R,74,R,6507,Z,0,Z,0,R,6507,R,6334,R,97,R,19,Z,0,Z,0,R,19,R,17,R,89,R,17
2020,135726,R,2339,R,3013,R,78,R,2180,R,0,R,0,R,2180,R,1975,R,91,R,23,R,0,R,0,R,23,R,18,R,78,R,12
2020,137351,R,5559,R,10901,R,51,R,5444,R,0,R,0,R,5444,R,4998,R,92,R,94,R,0,R,0,R,94,R,65,R,69,R,22
2020,139658,R,1343,R,2093,R,64,R,1374,R,6,R,0,R,1368,R,1279,R,93,R,0,R,0,R,0,R,0,R,0,A,,R,9
2020,139755,R,3234,R,4801,R,67,R,3062,R,0,R,0,R,3062,R,2961,R,97,R,3,R,0,R,0,R,3,R,2,R,67,R,19
2020,139959,R,5603,R,7293,R,77,R,5487,R,0,R,0,R,5487,R,5182,R,94,R,12,R,0,R,0,R,12,R,9,R,75,R,17
2020,144050,R,1848,R,1978,R,93,R,1725,R,3,R,0,R,1722,R,1716,R,100,A,,A,,A,,A,,A,,A,,R,5
2020,145600,R,3457,R,6024,R,57,R,4381,R,5,R,0,R,4376,R,3600,R,82,R,26,R,0,R,0,R,26,R,14,R,54,R,18
2020,145637,R,7474,R,9137,R,82,R,7660,R,0,R,0,R,7660,R,7189,R,94,R,5,R,0,R,0,R,5,R,2,R,40,R,20
2020,147767,R,1901,R,2170,R,88,R,2006,R,0,R,0,R,2006,R,1945,R,97,A,,A,,A,,A,,A,,A,,R,6
2020,151351,R,7900,R,8772,R,90,R,8268,R,3,R,0,R,8265,R,7542,R,91,R,23,R,0,R,0,R,23,R,17,R,74,R,16
2020,152080,R,2193,R,2450,R,90,R,2051,R,4,R,0,R,2047,R,1983,R,97,A,,A,,A,,A,,A,,A,,R,9
2020,160472,A,,A,,A,,R,66,R,0,R,0,R,66,R,60,R,91,Z,0,Z,0,Z,0,R,0,Z,0,A,,R,17
2020,160755,R,1801,R,1894,R,95,R,1821,R,0,R,0,R,1821,R,1675,R,92,A,,A,,A,,A,,A,,A,,R,8
2020,162928,R,1404,R,1759,R,80,R,1475,R,14,R,0,R,1461,R,1410,R,97,A,,A,,A,,A,,A,,A,,R,6
2020,163286,R,5318,R,8121,R,65,R,5301,R,0,R,13,R,5314,R,5057,R,95,R,12,R,0,R,0,R,12,R,11,R,92,R,17
2020,164924,R,2409,R,2573,R,94,R,2297,R,0,R,0,R,2297,R,2127,R,93,A,,A,,A,,A,,A,,A,,R,14
2020,164988,R,2912,R,4118,R,71,R,3156,R,20,R,0,R,3136,R,2895,R,92,R,0,R,0,R,0,R,0,R,0,A,,R,10
2020,165015,R,744,R,787,R,95,R,863,R,0,R,0,R,863,R,774,R,90,A,,A,,A,,A,,A,,A,,R,10
2020,166027,R,1404,R,3284,R,43,R,1644,R,0,R,0,R,1644,R,1244,R,76,R,0,R,0,R,0,R,0,R,0,A,,R,5
2020,166629,R,5013,R,6780,R,74,R,5698,R,12,R,0,R,5686,R,5068,R,89,R,33,R,0,R,0,R,33,R,10,R,30,R,17
2020,166683,R,1070,R,1090,R,98,R,1102,R,1,R,0,R,1101,R,1075,R,98,A,,A,,A,,A,,A,,A,,R,3
2020,167358,R,3128,R,3792,R,82,R,2995,R,0,R,0,R,2995,R,2899,R,97,A,,A,,A,,A,,A,,A,,R,14
2020,168148,R,1613,R,1782,R,91,R,1613,R,3,R,0,R,1610,R,1485,R,92,R,0,R,0,R,0,R,0,R,0,A,,R,10
2020,168421,R,1294,R,1352,R,96,R,1199,R,0,R,0,R,1199,R,1142,R,95,A,,A,,A,,A,,A,,A,,R,13
2020,170976,R,6835,R,8263,R,83,R,6814,R,2,R,0,R,6812,R,6557,R,96,R,16,R,0,R,0,R,16,R,15,R,94,R,11
2020,171100,R,8097,R,9701,R,83,R,8638,R,1,Z,0,R,8637,R,7863,R,91,R,163,Z,0,Z,0,R,163,R,72,R,44,R,16
2020,174066,R,5920,R,11000,R,54,R,6257,R,0,Z,0,R,6257,R,5839,R,93,R,19,R,0,Z,0,R,19,R,12,R,63,R,17
2020,179867,R,1801,R,2221,R,81,R,1730,R,3,R,0,R,1727,R,1626,R,94,R,2,R,0,R,0,R,2,R,1,R,50,R,7
2020,182670,R,1057,R,1124,R,94,R,1190,R,0,Z,0,R,1190,R,1144,R,96,A,,A,,A,,A,,A,,A,,R,7
2020,185828,R,1129,R,2759,R,41,R,1299,R,4,Z,0,R,1295,R,1153,R,89,R,44,R,0,Z,0,R,44,R,30,R,68,R,15
2020,186131,R,1146,R,1220,R,94,R,1335,R,0,R,0,R,1335,R,1112,R,83,A,,A,,A,,A,,A,,A,,R,4
2020,186371,R,594,R,1411,R,42,R,746,R,0,R,0,R,746,R,637,R,85,R,3,R,0,R,0,R,3,R,1,R,33,R,15
2020,186380,R,6542,R,9203,R,71,R,7077,R,0,R,0,R,7077,R,6598,R,93,R,4,R,0,R,0,R,4,R,3,R,75,R,16
2020,186399,R,1314,R,2670,R,49,R,1398,R,0,R,0,R,1398,R,1212,R,87,R,4,R,0,R,0,R,4,R,3,R,75,R,15
2020,186867,R,916,R,966,R,95,R,969,R,1,R,0,R,968,R,903,R,93,A,,A,,A,,A,,A,,A,,R,12
2020,190415,R,3249,R,3920,R,83,R,3189,R,1,Z,0,R,3188,R,3053,R,96,A,,A,,A,,A,,A,,A,,R,9
2020,191241,R,2071,R,2463,R,84,R,2260,R,0,R,0,R,2260,R,1972,R,87,R,10,R,0,R,0,R,10,R,6,R,60,R,14
2020,193900,R,6648,R,8240,R,81,R,5723,R,23,R,0,R,5700,R,5137,R,90,R,5,R,0,R,0,R,5,R,3,R,60,R,8
2020,194824,R,1464,R,1543,R,95,R,1665,R,0,R,0,R,1665,R,1514,R,91,A,,A,,A,,A,,A,,A,,R,14
2020,195003,R,3102,R,4106,R,76,R,2556,R,2,R,0,R,2554,R,2207,R,86,R,1,R,0,R,0,R,1,R,1,R,100,R,13
2020,195030,R,1363,R,1596,R,85,R,1500,R,2,Z,0,R,1498,R,1379,R,92,A,,A,,A,,A,,A,,A,,R,10
2020,196079,R,2856,R,3884,R,74,R,2893,R,0,R,0,R,2893,R,2662,R,92,R,19,R,0,R,0,R,19,R,16,R,84,R,19
2020,196088,R,4388,R,6147,R,71,R,4272,R,14,R,0,R,4258,R,3702,R,87,R,17,R,0,R,0,R,17,R,10,R,59,R,14
2020,196097,R,3306,R,4947,R,67,R,3369,R,0,R,0,R,3369,R,3038,R,90,R,3,R,0,R,0,R,3,R,2,R,67,R,19
2020,196413,R,3486,R,3877,R,90,R,3641,R,7,Z,0,R,3634,R,3225,R,89,R,19,Z,0,Z,0,R,19,R,7,R,37,R,15
2020,197708,R,549,R,764,R,72,R,517,R,2,R,0,R,515,R,462,R,90,R,9,R,0,R,0,R,9,R,7,R,78,R,7
2020,198419,R,1580,R,1615,R,98,R,1730,R,0,Z,0,R,1730,R,1676,R,97,A,,A,,A,,A,,A,,A,,R,6
2020,199120,R,4396,R,5496,R,80,R,4167,R,1,Z,0,R,4166,R,3963,R,95,R,15,R,0,Z,0,R,15,R,5,R,33,R,13
2020,199193,R,4711,R,7112,R,66,R,4761,R,2,Z,0,R,4759,R,4453,R,94,R,9,R,0,Z,0,R,9,R,8,R,89,R,14
2020,199847,R,1452,R,1472,R,99,R,1359,R,0,R,0,R,1359,R,1285,R,95,R,1,R,0,R,0,R,1,R,1,R,100,R,11
2020,201645,R,1304,R,1403,R,93,R,1357,R,2,R,0,R,1355,R,1266,R,93,A,,A,,A,,A,,A,,A,,R,11
2020,204796,R,8623,R,13153,R,66,R,7708,R,4,R,0,R,7704,R,7227,R,94,R,8,R,0,R,0,R,8,R,5,R,63,R,19
2020,211440,R,1632,R,1707,R,96,R,1585,R,14,R,0,R,1571,R,1502,R,96,R,0,R,0,R,0,R,0,R,0,A,,R,5
2020,212054,R,2325,R,3110,R,75,R,3161,R,0,R,0,R,3161,R,2784,R,88,R,17,R,0,R,0,R,17,R,9,R,53,R,10
2020,213543,R,1370,R,1427,R,96,R,1406,R,0,R,0,R,1406,R,1273,R,91,A,,A,,A,,A,,A,,A,,R,9
2020,215062,R,2285,R,2716,R,84,R,2341,R,4,R,0,R,2337,R,2220,R,95,R,48,R,0,R,0,R,48,R,45,R,94,R,6
2020,215293,R,4205,R,5316,R,79,R,4022,R,1,R,0,R,4021,R,3757,R,93,R,4,Z,0,Z,0,R,4,R,3,R,75,R,14
2020,216597,R,1693,R,1804,R,94,R,1686,R,0,R,0,R,1686,R,1618,R,96,R,9,R,0,R,0,R,9,R,2,R,22,R,11
2020,217156,R,1751,R,1905,R,92,R,1660,R,4,R,0,R,1656,R,1517,R,92,A,,A,,A,,A,,A,,A,,R,6
2020,217882,R,4186,R,5824,R,72,R,3928,R,0,Z,0,R,3928,R,3675,R,94,R,4,R,0,Z,0,R,4,R,1,R,25,R,16
2020,217925,R,154,R,332,R,46,R,132,R,0,Z,0,R,132,R,91,R,69,A,,A,,A,,A,,A,,A,,R,15
2020,221999,R,1693,R,2014,R,84,R,1603,R,3,R,0,R,1600,R,1538,R,96,R,1,R,0,R,0,R,1,R,1,R,100,R,8
2020,223232,R,3721,R,4152,R,90,R,3303,R,0,R,0,R,3303,R,2994,R,91,R,4,R,0,R,0,R,4,R,4,R,100,R,15
2020,227757,R,993,R,1071,R,93,R,961,R,2,R,0,R,959,R,927,R,97,A,,A,,A,,A,,A,,A,,R,6
2020,228246,R,1529,R,1847,R,83,R,1541,R,0,R,0,R,1541,R,1392,R,90,R,3,R,0,R,0,R,3,R,2,R,67,R,11
2020,228723,R,10039,R,15160,R,66,R,9618,Z,0,Z,0,R,9618,R,9078,R,94,R,995,Z,0,Z,0,R,995,R,926,R,93,R,19
2020,228778,R,8318,R,10198,R,82,R,8007,R,0,R,0,R,8007,R,7739,R,97,R,163,R,0,R,0,R,163,R,153,R,94,R,17
2020,228875,R,2278,R,2734,R,83,R,2153,R,1,Z,0,R,2152,R,1973,R,92,R,6,R,0,R,0,R,6,R,5,R,83,R,13
2020,231624,R,1519,R,1703,R,89,R,1527,R,3,R,0,R,1524,R,1416,R,93,R,3,R,0,R,0,R,3,R,1,R,33,R,11
2020,234076,R,3785,R,4727,R,80,R,3920,R,1,R,0,R,3919,R,3790,R,97,R,0,R,0,R,0,R,0,R,0,A,,R,15
2020,236948,R,6898,R,9437,R,73,R,6920,R,1,R,0,R,6919,R,6441,R,93,R,72,R,0,R,0,R,72,R,52,R,72,R,20
2020,239105,R,1647,R,1913,R,86,R,1974,R,0,Z,0,R,1974,R,1742,R,88,R,3,R,0,Z,0,R,3,R,2,R,67,R,13
2020,240444,R,7256,R,8982,R,81,R,7534,R,0,R,0,R,7534,R,7172,R,95,R,16,R,0,R,0,R,16,R,12,R,75,R,16
2020,243744,R,1606,R,1673,R,96,R,1698,R,0,Z,0,R,1698,R,1456,R,86,R,0,R,0,Z,0,R,0,R,0,A,,R,4
2020,243780,R,8887,R,10114,R,88,R,8132,R,2,Z,0,R,8130,R,7575,R,93,R,30,R,0,Z,0,R,30,R,21,R,70,R,13
2020,445188,R,1940,R,2154,R,90,R,2101,R,0,R,0,R,2101,R,1814,R,86,R,4,R,0,R,0,R,4,R,0,R,0,R,19
2021,100858,R,5254,R,6571,R,80,R,4869,R,6,Z,0,R,4863,R,4517,R,93,R,45,R,3,Z,0,R,42,R,35,R,83,R,20
2021,110404,R,270,R,274,R,99,R,225,R,0,Z,0,R,225,R,223,R,99,A,,A,,A,,A,,A,,A,,R,3
2021,110635,R,6892,R,9611,R,72,R,6072,R,0,R,0,R,6072,R,5838,R,96,R,45,R,0,R,0,R,45,R,32,R,71,R,20
2021,110644,R,7382,R,10479,R,70,R,6000,R,0,R,0,R,6000,R,5463,R,91,R,144,R,0,R,0,R,144,R,94,R,65,R,21
2021,110653,R,6473,R,9378,R,69,R,5742,R,0,R,0,R,5742,R,5367,R,93,R,23,R,0,R,0,R,23,R,19,R,83,R,18
2021,110662,R,6567,R,10018,R,66,R,6378,R,0,R,0,R,6378,R,6182,R,97,R,8,R,0,R,0,R,8,R,6,R,75,R,18
2021,110671,R,5154,R,7311,R,70,R,4818,R,0,R,0,R,4818,R,4248,R,88,R,34,R,0,R,0,R,34,R,19,R,56,R,24
2021,110680,R,7506,R,11148,R,67,R,6423,R,0,R,0,R,6423,R,6102,R,95,R,24,R,0,R,0,R,24,R,18,R,75,R,19
2021,110705,R,4884,R,7007,R,70,R,4813,R,0,R,0,R,4813,R,4389,R,91,R,34,R,0,R,0,R,34,R,23,R,68,R,17
2021,110714,R,4155,R,5935,R,70,R,4158,R,0,R,0,R,4158,R,3695,R,89,R,36,R,0,R,0,R,36,R,19,R,53,R,24
2021,121150,R,1023,R,1175,R,87,R,726,R,1,Z,0,R,725,R,677,R,93,R,7,Z,0,Z,0,R,7,R,2,R,29,R,13
2021,122931,R,1553,R,1796,R,86,R,1257,R,1,R,0,R,1256,R,1185,R,94,R,2,R,0,R,0,R,2,R,2,R,100,R,11
2021,123961,R,3664,R,5150,R,71,R,3436,R,0,R,0,R,3436,R,3310,R,96,R,23,R,0,R,0,R,23,R,19,R,83,R,9
2021,126614,R,6648,R,8432,R,79,R,6230,R,0,R,0,R,6230,R,5444,R,87,R,90,R,0,R,0,R,90,R,59,R,66,R,18
2021,126775,R,1448,R,1606,R,90,R,1158,R,0,R,0,R,1158,R,1053,R,91,R,5,R,0,R,0,R,5,R,5,R,100,R,16
2021,129020,R,3649,R,4382,R,83,R,3764,R,10,Z,0,R,3754,R,3440,R,92,R,19,Z,0,Z,0,R,19,R,8,R,42,R,15
2021,130794,R,1786,R,1799,R,99,R,1264,Z,0,Z,0,R,1264,R,1242,R,98,A,,A,,A,,A,,A,,A,,R,6
2021,130943,R,4600,R,5055,R,91,R,3711,R,4,Z,0,R,3707,R,3391,R,91,R,13,R,0,R,0,R,13,R,4,R,31,R,15
2021,131159,R,2365,R,2777,R,85,R,1583,R,1,Z,0,R,1582,R,1431,R,90,R,22,R,0,R,0,R,22,R,17,R,77,R,12
2021,131469,R,2563,R,3318,R,77,R,1949,R,5,R,0,R,1944,R,1764,R,91,R,29,R,0,R,0,R,29,R,23,R,79,R,12
2021,131496,R,1581,R,1830,R,86,R,1550,R,0,R,0,R,1550,R,1513,R,98,R,34,R,0,R,0,R,34,R,32,R,94,R,11
2021,131520,R,2763,R,2954,R,94,R,2358,R,0,R,0,R,2358,R,2144,R,91,R,2,R,0,R,0,R,2,R,2,R,100,R,13
2021,133951,R,2872,R,13761,R,21,R,2734,R,1,Z,0,R,2733,R,2465,R,90,R,1029,R,1,Z,0,R,1028,R,874,R,85,R,24
2021,134097,R,7465,R,9787,R,76,R,5916,R,2,R,0,R,5914,R,5539,R,94,R,90,R,0,R,0,R,90,R,78,R,87,R,22
2021,134130,R,6760,R,8913,R,76,R,6301,Z,0,Z,0,R,6301,R,6095,R,97,R,32,Z,0,Z,0,R,32,R,29,R,91,R,17
2021,135726,R,2759,R,3501,R,79,R,2339,R,2,R,0,R,2337,R,2168,R,93,R,19,R,0,R,0,R,19,R,17,R,89,R,13
2021,137351,R,6096,R,11301,R,54,R,5559,R,0,R,0,R,5559,R,4976,R,90,R,175,R,0,R,0,R,175,R,115,R,66,R,22
2021,139658,R,1494,R,2231,R,67,R,1343,R,2,R,0,R,1341,R,1272,R,95,R,1,R,0,R,0,R,1,R,1,R,100,R,9
2021,139755,R,3460,R,5151,R,67,R,3230,R,0,R,0,R,3230,R,3134,R,97,R,26,R,0,R,0,R,26,R,22,R,85,R,21
2021,139959,R,5785,R,7679,R,75,R,5603,R,0,R,0,R,5603,R,5321,R,95,R,43,R,0,R,0,R,43,R,38,R,88,R,17
2021,144050,R,2053,R,2240,R,92,R,1848,R,2,R,0,R,1846,R,1828,R,99,A,,A,,A,,A,,A,,A,,R,5
2021,145600,R,4024,R,6643,R,61,R,3457,R,2,R,0,R,3455,R,2808,R,81,R,84,R,0,R,0,R,84,R,43,R,51,R,19
2021,145637,R,8273,R,10181,R,81,R,7474,R,3,R,0,R,7471,R,6983,R,93,R,55,R,0,R,0,R,55,R,46,R,84,R,21
2021,147767,R,2086,R,2376,R,88,R,1901,R,3,R,0,R,1898,R,1871,R,99,A,,A,,A,,A,,A,,A,,R,6
2021,151351,R,9450,R,10243,R,92,R,7900,R,3,R,0,R,7897,R,7131,R,90,R,28,R,0,R,0,R,28,R,18,R,64,R,17
2021,152080,R,2059,R,2283,R,90,R,2193,R,3,R,0,R,2190,R,2152,R,98,A,,A,,A,,A,,A,,A,,R,9
2021,160472,A,,A,,A,,R,103,R,2,R,0,R,101,R,84,R,83,R,48,R,0,R,0,R,48,R,42,R,88,R,17
2021,160755,R,2027,R,2277,R,89,R,1801,R,0,R,0,R,1801,R,1691,R,94,A,,A,,A,,A,,A,,A,,R,8
2021,162928,R,1420,R,1731,R,82,R,1404,R,3,Z,0,R,1401,R,1340,R,96,A,,A,,A,,A,,A,,A,,R,6
2021,163286,R,6043,R,8255,R,73,R,5289,R,0,R,0,R,5289,R,5049,R,95,R,45,R,0,R,0,R,45,R,37,R,82,R,18
2021,164924,R,2516,R,2731,R,92,R,2408,R,0,R,0,R,2408,R,2284,R,95,A,,A,,A,,A,,A,,A,,R,14
2021,164988,R,4010,R,5277,R,76,R,2912,R,11,R,0,R,2901,R,2723,R,94,R,2,R,0,R,0,R,2,R,1,R,50,R,11
2021,165015,R,939,R,997,R,94,R,744,R,0,R,0,R,744,R,676,R,91,R,3,R,0,R,0,R,3,R,2,R,67,R,10
2021,166027,R,1949,R,2984,R,65,R,1401,R,0,R,0,R,1401,R,1351,R,96,A,,A,,A,,A,,A,,A,,R,7
2021,166629,R,4848,R,6580,R,74,R,4988,R,11,R,0,R,4977,R,4506,R,91,R,37,R,0,R,0,R,37,R,29,R,78,R,18
2021,166683,R,1176,R,1206,R,98,R,1070,R,1,R,1,R,1070,R,1059,R,99,A,,A,,A,,A,,A,,A,,R,3
2021,167358,R,4492,R,4894,R,92,R,3128,R,1,R,0,R,3127,R,3027,R,97,A,,A,,A,,A,,A,,A,,R,15
2021,168148,R,1800,R,1868,R,96,R,1613,R,0,R,0,R,1613,R,1560,R,97,R,0,R,0,R,0,R,0,R,0,A,,R,10
2021,168421,R,1410,R,1548,R,91,R,1294,R,0,R,0,R,1294,R,1215,R,94,A,,A,,A,,A,,A,,A,,R,14
2021,170976,R,7251,R,8783,R,83,R,6835,R,0,R,0,R,6835,R,6659,R,97,R,44,Z,0,Z,0,R,44,R,40,R,91,R,12
2021,171100,R,9041,R,10631,R,85,R,7978,R,2,Z,0,R,7976,R,7347,R,92,R,250,R,0,Z,0,R,250,R,189,R,76,R,16
2021,174066,R,6840,R,12318,R,56,R,5920,R,0,Z,0,R,5920,R,5418,R,92,R,46,R,0,Z,0,R,46,R,33,R,72,R,17
2021,179867,R,1970,R,2302,R,86,R,1801,R,1,R,0,R,1800,R,1729,R,96,R,3,R,0,R,0,R,3,R,2,R,67,R,7
2021,182670,R,1221,R,1262,R,97,R,1057,R,3,Z,0,R,1054,R,1032,R,98,A,,A,,A,,A,,A,,A,,R,7
2021,185828,R,1235,R,2879,R,43,R,1129,R,0,R,0,R,1129,R,988,R,88,R,61,R,0,R,0,R,61,R,43,R,70,R,15
2021,186131,R,1288,R,1376,R,94,R,1146,R,0,Z,0,R,1146,R,1105,R,96,A,,A,,A,,A,,A,,A,,R,5
2021,186371,R,597,R,1314,R,45,R,594,R,0,R,0,R,594,R,458,R,77,R,4,R,0,R,0,R,4,R,2,R,50,R,14
2021,186380,R,7095,R,9644,R,74,R,6297,R,0,R,0,R,6297,R,5896,R,94,R,9,R,0,R,0,R,9,R,4,R,44,R,15
2021,186399,R,1295,R,2348,R,55,R,1314,R,0,R,0,R,1314,R,1136,R,86,R,7,R,0,R,0,R,7,R,3,R,43,R,15
2021,186867,R,1091,R,1129,R,97,R,916,R,1,R,0,R,915,R,848,R,93,R,2,R,0,Z,0,R,2,R,2,R,100,R,12
2021,190415,R,3718,R,4425,R,84,R,3249,R,3,Z,0,R,3246,R,3161,R,97,R,0,Z,0,Z,0,R,0,Z,0,A,,R,9
2021,191241,R,2861,R,3296,R,87,R,2071,R,0,R,0,R,2071,R,1825,R,88,R,15,R,0,R,0,R,15,R,8,R,53,R,14
2021,193900,R,6078,R,7323,R,83,R,6628,R,29,R,0,R,6599,R,6183,R,94,R,46,R,0,R,0,R,46,R,21,R,46,R,8
2021,194824,R,1322,R,1424,R,93,R,1464,R,0,R,0,R,1464,R,1306,R,89,A,,A,,A,,A,,A,,A,,R,13
2021,195003,R,3353,R,4293,R,78,R,2971,R,5,R,0,R,2966,R,2596,R,88,R,13,R,0,R,0,R,13,R,10,R,77,R,13
2021,195030,R,1623,R,1830,R,89,R,1363,R,0,R,0,R,1363,R,1235,R,91,A,,A,,A,,A,,A,,A,,R,10
2021,196079,R,3084,R,4027,R,77,R,2856,R,0,R,0,R,2856,R,2591,R,91,R,40,R,0,R,0,R,40,R,35,R,88,R,19
2021,196088,R,4285,R,5863,R,73,R,4388,R,0,R,0,R,4388,R,3656,R,83,R,27,R,0,R,0,R,27,R,18,R,67,R,13
2021,196097,R,3407,R,4906,R,69,R,3306,R,0,R,106,R,3412,R,3040,R,89,R,16,R,0,R,0,R,16,R,12,R,75,R,19
2021,196413,R,3753,R,4218,R,89,R,3486,R,9,R,0,R,3477,R,3146,R,90,R,13,R,0,R,0,R,13,R,6,R,46,R,14
2021,197708,R,483,R,589,R,82,R,507,R,4,R,0,R,503,R,457,R,91,R,5,R,1,R,0,R,4,R,1,R,25,R,7
2021,198419,R,1744,R,1797,R,97,R,1580,R,0,R,0,R,1580,R,1544,R,98,A,,A,,A,,A,,A,,A,,R,6
2021,199120,R,4678,R,5808,R,81,R,4396,R,1,Z,0,R,4395,R,4242,R,97,R,49,R,0,Z,0,R,49,R,42,R,86,R,15
2021,199193,R,5027,R,7359,R,68,R,4629,R,0,Z,0,R,4629,R,4363,R,94,R,36,R,0,Z,0,R,36,R,30,R,83,R,15
2021,199847,R,1411,R,1437,R,98,R,1452,R,0,R,0,R,1452,R,1362,R,94,R,0,R,0,R,0,R,0,R,0,A,,R,10
2021,201645,R,1606,R,1741,R,92,R,1304,R,1,Z,0,R,1303,R,1222,R,94,R,1,Z,0,Z,0,R,1,R,1,R,100,R,9
2021,204796,R,8398,R,12646,R,66,R,8623,R,1,R,0,R,8622,R,8101,R,94,R,56,R,0,R,0,R,56,R,35,R,63,R,18
2021,211440,R,1896,R,1998,R,95,R,1632,R,6,R,0,R,1626,R,1583,R,97,R,5,R,0,R,0,R,5,R,5,R,100,R,5
2021,212054,R,2831,R,3485,R,81,R,2325,R,0,R,0,R,2325,R,2083,R,90,R,14,R,0,R,0,R,14,R,8,R,57,R,10
2021,213543,R,1519,R,1556,R,98,R,1370,R,0,R,0,R,1370,R,1282,R,94,A,,A,,A,,A,,A,,A,,R,10
2021,215062,R,2338,R,2888,R,81,R,2285,R,4,R,0,R,2281,R,2228,R,98,R,31,R,0,R,0,R,31,R,29,R,94,R,6
2021,215293,R,4869,R,9751,R,50,R,4205,R,0,R,0,R,4205,R,3927,R,93,R,25,R,1,R,0,R,24,R,18,R,75,R,14
2021,216597,R,1767,R,1848,R,96,R,1693,R,0,R,0,R,1693,R,1619,R,96,R,4,R,0,R,0,R,4,R,2,R,50,R,11
2021,217156,R,1705,R,1965,R,87,R,1751,R,3,R,0,R,1748,R,1719,R,98,A,,A,,A,,A,,A,,A,,R,6
2021,217882,R,4585,R,6126,R,75,R,4186,R,2,R,0,R,4184,R,3918,R,94,R,13,R,0,R,0,R,13,R,8,R,62,R,16
2021,217925,R,169,R,382,R,44,R,151,R,0,Z,0,R,151,R,96,R,64,A,,A,,A,,A,,A,,A,,R,16
2021,221999,R,1624,R,1873,R,87,R,1693,R,2,R,0,R,1691,R,1632,R,97,R,5,R,0,R,0,R,5,R,4,R,80,R,8
2021,223232,R,4258,R,4653,R,92,R,3721,R,0,R,0,R,3721,R,3288,R,88,R,10,R,0,R,0,R,10,R,8,R,80,R,16
2021,227757,R,1217,R,1253,R,97,R,993,R,2,R,0,R,991,R,962,R,97,A,,A,,A,,A,,A,,A,,R,6
2021,228246,R,1568,R,1862,R,84,R,1529,R,0,R,0,R,1529,R,1385,R,91,R,2,R,0,R,0,R,2,R,2,R,100,R,12
2021,228723,R,11153,R,15859,R,70,R,10039,Z,0,Z,0,R,10039,R,9318,R,93,R,1071,Z,0,Z,0,R,1071,R,992,R,93,R,19
2021,228778,R,8915,R,11135,R,80,R,8318,R,0,R,0,R,8318,R,8021,R,96,R,141,R,0,R,0,R,141,R,124,R,88,R,17
2021,228875,R,2555,R,2997,R,85,R,2278,R,1,Z,0,R,2277,R,2079,R,91,R,9,R,0,R,0,R,9,R,8,R,89,R,14
2021,231624,R,1682,R,1877,R,90,R,1519,R,3,R,0,R,1516,R,1414,R,93,R,2,Z,0,Z,0,R,2,R,2,R,100,R,12
2021,234076,R,3889,R,4831,R,81,R,3785,R,1,R,0,R,3784,R,3662,R,97,R,0,R,0,R,0,R,0,R,0,A,,R,15
2021,236948,R,7166,R,9585,R,75,R,6898,R,1,R,0,R,6897,R,6414,R,93,R,129,R,0,R,0,R,129,R,87,R,67,R,21
2021,239105,R,1653,R,1920,R,86,R,1647,R,0,R,0,R,1647,R,1468,R,89,R,4,R,0,R,0,R,4,R,3,R,75,R,13
2021,240444,R,8442,R,10327,R,82,R,7256,Z,0,Z,0,R,7256,R,6909,R,95,R,50,Z,0,Z,0,R,50,R,43,R,86,R,17
2021,243744,R,2125,R,2189,R,97,R,1606,R,0,Z,0,R,1606,R,1578,R,98,A,,A,,A,,A,,A,,A,,R,5
2021,243780,R,10219,R,11356,R,90,R,8870,R,2,Z,0,R,8868,R,8094,R,91,R,71,R,0,Z,0,R,71,R,53,R,75,R,14
2021,445188,R,2400,R,2678,R,90,R,1940,R,0,R,0,R,1940,R,1528,R,79,R,11,R,0,R,0,R,11,R,2,R,18,R,19
2023,100858,R,5916,R,8061,R,73,R,5282,R,8,R,0,R,5274,R,4915,R,93,R,21,R,0,R,0,R,21,R,14,R,67,R,21
2023,110404,R,266,R,271,R,98,R,224,R,0,Z,0,R,224,R,219,R,98,A,,A,,A,,A,,A,,A,,R,3
2023,110635,R,6604,R,9465,R,70,R,6680,R,0,R,0,R,6680,R,6463,R,97,R,46,R,0,R,0,R,46,R,38,R,83,R,18
2023,110644,R,6412,R,9234,R,69,R,6292,R,0,R,0,R,6292,R,5875,R,93,R,107,R,0,R,0,R,107,R,92,R,86,R,21
2023,110653,R,6777,R,9686,R,70,R,5656,R,0,R,0,R,5656,R,5305,R,94,R,8,R,0,R,0,R,8,R,7,R,88,R,18
2023,110662,R,6579,R,10284,R,64,R,6450,R,0,R,0,R,6450,R,6241,R,97,R,12,R,0,R,0,R,12,R,11,R,92,R,18
2023,110671,R,5486,R,6771,R,81,R,5522,R,0,R,0,R,5522,R,4870,R,88,R,51,R,0,R,0,R,51,R,30,R,59,R,23
2023,110680,R,6986,R,10221,R,68,R,6530,R,0,R,0,R,6530,R,6133,R,94,R,16,R,0,R,0,R,16,R,10,R,63,R,19
2023,110705,R,5014,R,6968,R,72,R,4944,R,0,R,0,R,4944,R,4544,R,92,R,22,R,0,R,0,R,22,R,14,R,64,R,17
2023,110714,R,4365,R,5496,R,79,R,3834,R,0,R,0,R,3834,R,3438,R,90,R,25,R,0,R,0,R,25,R,17,R,68,R,22
2023,121150,R,732,R,847,R,86,R,940,Z,0,Z,0,R,940,R,808,R,86,R,2,R,0,R,0,R,2,R,1,R,50,R,13
2023,122931,R,1548,R,1781,R,87,R,1638,R,0,R,0,R,1638,R,1533,R,94,R,3,R,0,R,0,R,3,R,2,R,67,R,10
2023,123961,R,3630,R,5152,R,70,R,3416,R,13,Z,0,R,3403,R,3284,R,97,R,2,R,0,Z,0,R,2,R,1,R,50,R,9
2023,126614,R,7461,R,9270,R,80,R,7025,R,5,R,0,R,7020,R,6260,R,89,R,72,R,0,R,0,R,72,R,53,R,74,R,19
2023,126775,R,1443,R,1619,R,89,R,1509,R,0,R,0,R,1509,R,1403,R,93,R,2,R,0,R,0,R,2,R,1,R,50,R,17
2023,129020,R,4178,R,4907,R,85,R,4033,R,12,Z,0,R,4021,R,3677,R,91,R,8,Z,0,Z,0,R,8,R,5,R,63,R,16
2023,130794,R,1641,R,1665,R,99,R,1554,R,0,R,0,R,1554,R,1538,R,99,A,,A,,A,,A,,A,,A,,R,6
2023,130943,R,4530,R,5129,R,88,R,4623,R,3,R,0,R,4620,R,4163,R,90,R,9,Z,0,Z,0,R,9,R,3,R,33,R,15
2023,131159,R,1848,R,2201,R,84,R,1752,R,1,Z,0,R,1751,R,1509,R,86,R,7,R,0,Z,0,R,7,R,4,R,57,R,10
2023,131469,R,2528,R,3284,R,77,R,2930,R,6,Z,0,R,2924,R,2686,R,92,R,11,R,0,R,0,R,11,R,3,R,27,R,12
2023,131496,R,1598,R,2174,R,74,R,1573,Z,0,Z,0,R,1573,R,1528,R,97,R,3,Z,0,Z,0,R,3,R,3,R,100,R,11
2023,131520,R,2261,R,3020,R,75,R,2489,R,0,R,0,R,2489,R,2242,R,90,R,4,R,0,R,0,R,4,R,2,R,50,R,11
2023,133951,R,3376,R,12874,R,26,R,2979,R,0,R,0,R,2979,R,2729,R,92,R,1445,R,0,R,0,R,1445,R,1255,R,87,R,24
2023,134097,R,5799,R,8164,R,71,R,5922,R,5,R,0,R,5917,R,5659,R,96,R,108,R,0,R,0,R,108,R,98,R,91,R,17
2023,134130,R,6726,R,8729,R,77,R,6594,Z,0,Z,0,R,6594,R,6402,R,97,R,18,Z,0,Z,0,R,18,R,16,R,89,R,16
2023,135726,R,2328,R,3132,R,74,R,2370,R,1,R,0,R,2369,R,2183,R,92,R,1,R,0,R,0,R,1,R,1,R,100,R,11
2023,137351,R,5676,R,9906,R,57,R,6655,R,0,R,0,R,6655,R,6085,R,91,R,145,R,0,R,0,R,145,R,100,R,69,R,22
2023,139658,R,1425,R,2217,R,64,R,1424,R,13,R,0,R,1411,R,1357,R,96,R,0,R,0,R,0,R,0,R,0,A,,R,9
2023,139755,R,3759,R,5921,R,63,R,3630,R,6,R,0,R,3624,R,3542,R,98,R,17,R,0,R,0,R,17,R,17,R,100,R,18
2023,139959,R,6121,R,8204,R,75,R,6250,R,0,R,0,R,6250,R,5909,R,95,R,23,R,0,R,0,R,23,R,20,R,87,R,17
2023,144050,R,1625,R,1845,R,88,R,1729,R,1,R,0,R,1728,R,1718,R,99,A,,A,,A,,A,,A,,A,,R,5
2023,145600,R,4565,R,6932,R,66,R,4179,R,4,R,0,R,4175,R,3272,R,78,R,65,R,0,R,0,R,65,R,35,R,54,R,17
2023,145637,R,8316,R,10361,R,80,R,7946,R,3,R,0,R,7943,R,7492,R,94,R,11,R,0,R,0,R,11,R,8,R,73,R,20
2023,147767,R,2111,R,2456,R,86,R,2038,R,3,R,0,R,2035,R,1983,R,97,A,,A,,A,,A,,A,,A,,R,6
2023,151351,R,9520,R,10362,R,92,R,9708,R,2,R,0,R,9706,R,8789,R,91,R,27,R,0,R,0,R,27,R,22,R,81,R,18
2023,152080,R,2075,R,2267,R,92,R,2037,R,1,R,0,R,2036,R,1999,R,98,A,,A,,A,,A,,A,,A,,R,9
2023,160472,A,,A,,A,,R,33,R,0,R,0,R,33,R,29,R,88,R,25,R,0,R,0,R,25,R,22,R,88,R,11
2023,160755,R,1867,R,2170,R,86,R,1843,R,0,R,0,R,1843,R,1740,R,94,A,,A,,A,,A,,A,,A,,R,8
2023,162928,R,1418,R,1832,R,77,R,1406,R,4,R,0,R,1402,R,1372,R,98,A,,A,,A,,A,,A,,A,,R,6
2023,163286,R,6176,R,8107,R,76,R,5783,R,1,R,0,R,5782,R,5531,R,96,R,38,R,0,R,0,R,38,R,28,R,74,R,18
2023,164924,R,2335,R,2649,R,88,R,2335,R,2,R,0,R,2333,R,2225,R,95,A,,A,,A,,A,,A,,A,,R,13
2023,164988,R,3145,R,4638,R,68,R,3634,R,9,R,0,R,3625,R,3426,R,95,R,1,R,0,R,0,R,1,R,1,R,100,R,10
2023,165015,R,863,R,934,R,92,R,987,R,1,R,0,R,986,R,890,R,90,A,,A,,A,,A,,A,,A,,R,11
2023,166027,R,1644,R,2683,R,61,R,1644,R,0,R,0,R,1644,R,1621,R,99,A,,A,,A,,A,,A,,A,,R,7
2023,166629,R,5247,R,6758,R,78,R,5563,R,8,R,0,R,5555,R,5055,R,91,R,8,R,0,R,0,R,8,R,4,R,50,R,18
2023,166683,R,1091,R,1114,R,98,R,1136,R,0,R,0,R,1136,R,1125,R,99,A,,A,,A,,A,,A,,A,,R,3
2023,167358,R,2744,R,3829,R,72,R,2503,R,0,R,0,R,2503,R,2441,R,98,A,,A,,A,,A,,A,,A,,R,16
2023,168148,R,1735,R,1847,R,94,R,1694,R,4,R,0,R,1690,R,1621,R,96,R,0,R,0,R,0,R,0,R,0,A,,R,10
2023,168421,R,1357,R,1476,R,92,R,1354,R,0,R,0,R,1354,R,1269,R,94,A,,A,,A,,A,,A,,A,,R,13
2023,170976,R,7426,R,9084,R,82,R,7024,Z,0,Z,0,R,7024,R,6858,R,98,R,26,Z,0,Z,0,R,26,R,21,R,81,R,11
2023,171100,R,9361,R,11297,R,83,R,9560,R,0,R,0,R,9560,R,8738,R,91,R,116,R,0,R,0,R,116,R,83,R,72,R,17
2023,174066,R,6697,R,15291,R,44,R,6705,R,0,Z,0,R,6705,R,6092,R,91,R,32,R,0,Z,0,R,32,R,22,R,69,R,16
2023,179867,R,1823,R,2260,R,81,R,1808,R,1,R,0,R,1807,R,1733,R,96,R,5,R,0,R,0,R,5,R,5,R,100,R,7
2023,182670,R,1206,R,1308,R,92,R,1124,R,0,R,0,R,1124,R,1099,R,98,A,,A,,A,,A,,A,,A,,R,7
2023,185828,R,1635,R,3199,R,51,R,1465,R,0,Z,0,R,1465,R,1329,R,91,R,110,R,0,Z,0,R,110,R,74,R,67,R,16
2023,186131,R,1364,R,1478,R,92,R,1497,R,0,Z,0,R,1497,R,1457,R,97,A,,A,,A,,A,,A,,A,,R,5
2023,186371,R,575,R,1166,R,49,R,524,R,0,R,0,R,524,R,429,R,82,R,4,R,0,R,0,R,4,R,2,R,50,R,12
2023,186380,R,7670,R,9932,R,77,R,7526,R,0,R,0,R,7526,R,6971,R,93,R,11,R,0,R,0,R,11,R,7,R,64,R,15
2023,186399,R,1403,R,2350,R,60,R,1232,R,0,R,0,R,1232,R,1038,R,84,R,7,R,0,R,0,R,7,R,3,R,43,R,13
2023,186867,R,1024,R,1064,R,96,R,1010,R,1,Z,0,R,1009,R,953,R,94,A,,A,,A,,A,,A,,A,,R,10
2023,190415,R,3537,R,4282,R,83,R,3491,R,8,R,0,R,3483,R,3407,R,98,A,,A,,A,,A,,A,,A,,R,9
2023,191241,R,2414,R,2803,R,86,R,2581,R,2,R,0,R,2579,R,2260,R,88,R,13,R,0,R,0,R,13,R,8,R,62,R,14
2023,193900,R,5802,R,7261,R,80,R,6140,R,48,R,0,R,6092,R,5818,R,96,R,7,R,1,R,0,R,6,R,3,R,50,R,8
2023,194824,R,1552,R,1654,R,94,R,2002,R,0,R,0,R,2002,R,1776,R,89,A,,A,,A,,A,,A,,A,,R,14
2023,195003,R,3053,R,3973,R,77,R,3089,R,3,R,0,R,3086,R,2723,R,88,R,1,R,0,R,0,R,1,R,0,R,0,R,13
2023,195030,R,1543,R,1781,R,87,R,1625,R,5,Z,0,R,1620,R,1499,R,93,A,,A,,A,,A,,A,,A,,R,9
2023,196079,R,3088,R,3902,R,79,R,3103,R,1,R,0,R,3102,R,2745,R,88,R,4,R,0,R,0,R,4,R,3,R,75,R,18
2023,196088,R,4252,R,5665,R,75,R,4187,R,0,R,0,R,4187,R,3536,R,84,R,28,R,0,R,0,R,28,R,13,R,46,R,11
2023,196097,R,3563,R,4963,R,72,R,3342,R,0,R,0,R,3342,R,2964,R,89,R,5,R,0,R,0,R,5,R,3,R,60,R,19
2023,196413,R,3663,R,4414,R,83,R,4094,R,9,R,0,R,4085,R,3726,R,91,R,14,R,0,R,0,R,14,R,9,R,64,R,15
2023,197708,R,625,R,825,R,76,R,572,R,0,R,0,R,572,R,531,R,93,R,0,Z,0,Z,0,R,0,R,0,A,,R,7
2023,198419,R,1741,R,1797,R,97,R,1745,R,0,R,0,R,1745,R,1678,R,96,A,,A,,A,,A,,A,,A,,R,6
2023,199120,R,4688,R,5775,R,81,R,4425,R,1,Z,0,R,4424,R,4298,R,97,R,10,R,0,Z,0,R,10,R,8,R,80,R,15
2023,199193,R,5636,R,7855,R,72,R,5525,R,5,Z,0,R,5520,R,5157,R,93,R,16,R,0,Z,0,R,16,R,11,R,69,R,15
2023,199847,R,1385,R,1425,R,97,R,1370,R,0,R,0,R,1370,R,1297,R,95,R,0,R,0,R,0,R,0,R,0,A,,R,9
2023,201645,R,1541,R,1661,R,93,R,1553,R,2,Z,0,R,1551,R,1427,R,92,A,,A,,A,,A,,A,,A,,R,9
2023,204796,R,8034,R,11900,R,68,R,8025,R,0,R,0,R,8025,R,7553,R,94,R,31,R,0,R,0,R,31,R,12,R,39,R,18
2023,211440,R,1708,R,1815,R,94,R,1716,R,10,R,0,R,1706,R,1655,R,97,R,0,R,0,R,0,R,0,R,0,A,,R,5
2023,212054,R,2850,R,3530,R,81,R,2914,R,0,R,0,R,2914,R,2610,R,90,R,24,R,0,R,0,R,24,R,14,R,58,R,9
2023,213543,R,1531,R,1584,R,97,R,1508,R,0,R,0,R,1508,R,1398,R,93,A,,A,,A,,A,,A,,A,,R,10
2023,214777,R,9004,R,9500,R,95,R,9193,R,0,R,0,R,9193,R,8453,R,92,R,36,R,0,R,0,R,36,R,26,R,72,R,15
2023,215062,R,2415,R,3118,R,77,R,2415,R,0,R,0,R,2415,R,2369,R,98,A,,A,,A,,A,,A,,A,,R,8
2023,215293,R,4547,R,10329,R,44,R,4386,R,3,R,0,R,4383,R,4050,R,92,R,4,R,0,R,0,R,4,R,3,R,75,R,13
2023,216597,R,1701,R,1844,R,92,R,1762,R,0,R,0,R,1762,R,1674,R,95,R,14,Z,0,Z,0,R,14,R,13,R,93,R,10
2023,217156,R,1695,R,2246,R,75,R,1716,R,3,R,0,R,1713,R,1690,R,99,A,,A,,A,,A,,A,,A,,R,6
2023,217882,R,4489,R,6053,R,74,R,4575,R,0,R,0,R,4575,R,4247,R,93,R,13,R,0,R,0,R,13,R,9,R,69,R,16
2023,217925,R,115,R,369,R,31,R,158,R,0,R,0,R,158,R,104,R,66,R,10,R,0,R,0,R,10,R,1,R,10,R,13
2023,221999,R,1619,R,1910,R,85,R,1617,R,1,R,0,R,1616,R,1558,R,96,R,2,R,0,Z,0,R,2,R,2,R,100,R,7
2023,223232,R,3315,R,3660,R,91,R,3286,R,1,R,0,R,3285,R,2977,R,91,R,10,R,0,R,0,R,10,R,8,R,80,R,15
2023,227757,R,1121,R,1173,R,96,R,1201,R,5,R,0,R,1196,R,1167,R,98,A,,A,,A,,A,,A,,A,,R,6
2023,228246,R,1592,R,1881,R,85,R,1636,R,0,R,0,R,1636,R,1466,R,90,R,3,R,0,R,0,R,3,R,1,R,33,R,11
2023,228723,R,12055,R,17090,R,71,R,11382,Z,0,Z,0,R,11382,R,10728,R,94,R,1108,Z,0,Z,0,R,1108,R,1030,R,93,R,19
2023,228778,R,9230,R,11492,R,80,R,8979,R,0,R,0,R,8979,R,8631,R,96,R,130,R,0,R,0,R,130,R,112,R,86,R,18
2023,228875,R,2483,R,2934,R,85,R,2484,R,1,R,0,R,2483,R,2341,R,94,R,7,R,0,R,0,R,7,R,6,R,86,R,14
2023,231624,R,1619,R,1786,R,91,R,1642,R,2,R,0,R,1640,R,1552,R,95,R,0,R,0,R,0,R,0,R,0,A,,R,13
2023,234076,R,3966,R,4962,R,80,R,4019,R,1,R,0,R,4018,R,3911,R,97,R,0,R,0,R,0,R,0,R,0,A,,R,15
2023,236948,R,6928,R,10304,R,67,R,7311,R,0,R,0,R,7311,R,6938,R,95,R,75,R,0,R,0,R,75,R,62,R,83,R,20
2023,239105,R,1882,R,2328,R,81,R,1977,R,0,Z,0,R,1977,R,1806,R,91,R,6,R,0,Z,0,R,6,R,4,R,67,R,13
2023,240444,R,7937,R,9988,R,79,R,8605,Z,0,Z,0,R,8605,R,8134,R,95,R,23,Z,0,Z,0,R,23,R,21,R,91,R,18
2023,243744,R,1699,R,1968,R,86,R,1733,R,0,Z,0,R,1733,R,1695,R,98,A,,A,,A,,A,,A,,A,,R,6
2023,243780,R,9295,R,10560,R,88,R,9360,R,1,Z,0,R,9359,R,8613,R,92,R,26,R,0,Z,0,R,26,R,18,R,69,R,14
2023,445188,R,2400,R,2628,R,91,R,2371,R,0,R,0,R,2371,R,1970,R,83,R,22,R,0,R,0,R,22,R,9,R,41,R,21
2022,100858,R,5282,R,6858,R,77,R,5254,R,5,R,0,R,5249,R,4830,R,92,R,57,R,1,R,0,R,56,R,41,R,73,R,20
2022,110404,R,224,R,232,R,97,R,270,R,1,Z,0,R,269,R,264,R,98,A,,A,,A,,A,,A,,A,,R,3
2022,110635,R,6680,R,9435,R,71,R,6892,R,0,R,0,R,6892,R,6608,R,96,R,39,R,0,R,0,R,39,R,33,R,85,R,19
2022,110644,R,6292,R,9194,R,68,R,7382,R,0,R,0,R,7382,R,6784,R,92,R,100,R,0,R,0,R,100,R,75,R,75,R,21
2022,110653,R,5656,R,8259,R,68,R,6473,R,0,R,0,R,6473,R,5908,R,91,R,16,R,0,R,0,R,16,R,12,R,75,R,18
2022,110662,R,6450,R,10149,R,64,R,6567,R,0,R,0,R,6567,R,6341,R,97,R,17,R,0,R,0,R,17,R,9,R,53,R,18
2022,110671,R,5522,R,7097,R,78,R,5154,R,0,R,0,R,5154,R,4502,R,87,R,50,R,0,R,0,R,50,R,17,R,34,R,24
2022,110680,R,6530,R,9618,R,68,R,7506,R,0,R,0,R,7506,R,7010,R,93,R,36,R,0,R,0,R,36,R,28,R,78,R,19
2022,110705,R,4944,R,7102,R,70,R,4884,R,0,R,0,R,4884,R,4511,R,92,R,14,R,0,R,0,R,14,R,8,R,57,R,17
2022,110714,R,3834,R,5086,R,75,R,4155,R,0,R,0,R,4155,R,3655,R,88,R,33,R,0,R,0,R,33,R,17,R,52,R,23
2022,121150,R,940,R,1027,R,92,R,1023,R,0,R,0,R,1023,R,904,R,88,R,1,R,0,R,0,R,1,R,0,R,0,R,13
2022,122931,R,1638,R,1849,R,89,R,1553,R,0,R,0,R,1553,R,1427,R,92,R,1,R,0,R,0,R,1,R,1,R,100,R,12
2022,123961,R,3418,R,4888,R,70,R,3662,R,10,Z,0,R,3652,R,3526,R,97,R,3,R,0,Z,0,R,3,R,1,R,33,R,9
2022,126614,R,7027,R,8702,R,81,R,6648,R,3,R,0,R,6645,R,5833,R,88,R,79,R,5,R,0,R,74,R,45,R,61,R,18
2022,126775,R,1510,R,1696,R,89,R,1380,R,0,R,0,R,1380,R,1292,R,94,R,1,R,0,R,0,R,1,R,1,R,100,R,17
2022,129020,R,4061,R,4887,R,83,R,3617,R,4,Z,0,R,3613,R,3286,R,91,R,13,Z,0,Z,0,R,13,R,9,R,69,R,16
2022,130794,R,1554,R,1584,R,98,R,1786,Z,0,Z,0,R,1786,R,1752,R,98,A,,A,,A,,A,,A,,A,,R,6
2022,130943,R,4894,R,5293,R,92,R,4263,R,9,R,0,R,4254,R,3868,R,91,R,13,Z,0,Z,0,R,13,R,8,R,62,R,15
2022,131159,R,1752,R,1940,R,90,R,2364,Z,0,Z,0,R,2364,R,2039,R,86,R,7,Z,0,Z,0,R,7,R,4,R,57,R,11
2022,131469,R,2930,R,3462,R,85,R,2563,R,4,Z,0,R,2559,R,2292,R,90,R,8,Z,0,Z,0,R,8,R,6,R,75,R,12
2022,131496,R,1573,R,2125,R,74,R,1581,R,0,R,0,R,1581,R,1527,R,97,R,4,R,0,R,0,R,4,R,4,R,100,R,11
2022,131520,R,2489,R,3203,R,78,R,2763,R,0,R,0,R,2763,R,2436,R,88,R,5,R,0,R,0,R,5,R,2,R,40,R,14
2022,133951,R,2979,R,13560,R,22,R,2872,Z,0,Z,0,R,2872,R,2601,R,91,R,1189,Z,0,Z,0,R,1189,R,1023,R,86,R,24
2022,134097,R,5922,R,8084,R,73,R,7465,R,2,R,0,R,7463,R,7010,R,94,R,152,R,0,R,0,R,152,R,124,R,82,R,17
2022,134130,R,6594,R,8679,R,76,R,6760,Z,0,Z,0,R,6760,R,6528,R,97,R,27,Z,0,Z,0,R,27,R,26,R,96,R,16
2022,135726,R,2370,R,3202,R,74,R,2759,R,1,R,0,R,2758,R,2540,R,92,R,7,R,0,R,0,R,7,R,6,R,86,R,13
2022,137351,R,6655,R,11108,R,60,R,6096,R,0,R,0,R,6096,R,5460,R,90,R,183,R,0,R,0,R,183,R,120,R,66,R,22
2022,139658,R,1424,R,2070,R,69,R,1494,R,12,R,0,R,1482,R,1411,R,95,R,0,R,0,R,0,R,0,R,0,A,,R,9
2022,139755,R,3630,R,5513,R,66,R,3460,R,0,R,0,R,3460,R,3386,R,98,R,11,R,0,R,0,R,11,R,11,R,100,R,19
2022,139959,R,6250,R,8217,R,76,R,5785,R,0,R,0,R,5785,R,5455,R,94,R,34,R,0,R,0,R,34,R,31,R,91,R,17
2022,144050,R,1729,R,1870,R,92,R,2053,R,4,R,0,R,2049,R,2028,R,99,A,,A,,A,,A,,A,,A,,R,5
2022,145600,R,4179,R,6534,R,64,R,4024,R,1,R,0,R,4023,R,3151,R,78,R,153,R,0,R,0,R,153,R,67,R,44,R,18
2022,145637,R,7946,R,10044,R,79,R,8273,R,0,R,0,R,8273,R,7720,R,93,R,24,R,0,R,0,R,24,R,20,R,83,R,21
2022,147767,R,2038,R,2350,R,87,R,2086,R,5,R,0,R,2081,R,2035,R,98,A,,A,,A,,A,,A,,A,,R,6
2022,151351,R,9709,R,10572,R,92,R,9450,R,1,R,0,R,9449,R,8491,R,90,R,32,R,0,R,0,R,32,R,23,R,72,R,17
2022,152080,R,2037,R,2226,R,92,R,2059,R,0,R,0,R,2059,R,2005,R,97,A,,A,,A,,A,,A,,A,,R,9
2022,160472,A,,A,,A,,R,76,R,0,R,0,R,76,R,69,R,91,R,42,R,0,R,0,R,42,R,38,R,90,R,10
2022,160755,R,1843,R,2133,R,86,R,2027,R,1,R,0,R,2026,R,1887,R,93,A,,A,,A,,A,,A,,A,,R,8
2022,162928,R,1406,R,1582,R,89,R,1420,R,10,R,0,R,1410,R,1367,R,97,A,,A,,A,,A,,A,,A,,R,6
2022,163286,R,5809,R,7848,R,74,R,6006,R,1,R,0,R,6005,R,5693,R,95,R,28,R,0,R,0,R,28,R,24,R,86,R,18
2022,164924,R,2335,R,2654,R,88,R,2516,R,0,R,0,R,2516,R,2388,R,95,A,,A,,A,,A,,A,,A,,R,12
2022,164988,R,3634,R,4840,R,75,R,4010,R,12,R,0,R,3998,R,3757,R,94,R,1,R,0,R,0,R,1,R,0,R,0,R,11
2022,165015,R,987,R,1038,R,95,R,939,R,0,R,0,R,939,R,860,R,92,R,2,R,0,R,0,R,2,R,0,R,0,R,10
2022,166027,R,1644,R,2719,R,60,R,1949,R,0,R,0,R,1949,R,1904,R,98,A,,A,,A,,A,,A,,A,,R,7
2022,166629,R,5580,R,7035,R,79,R,4827,R,6,R,0,R,4821,R,4356,R,90,R,9,R,0,R,0,R,9,R,6,R,67,R,18
2022,166683,R,1136,R,1174,R,97,R,1176,R,1,R,0,R,1175,R,1163,R,99,R,1,R,0,R,0,R,1,R,1,R,100,R,3
2022,167358,R,2519,R,3234,R,78,R,4492,R,0,R,0,R,4492,R,4366,R,97,A,,A,,A,,A,,A,,A,,R,16
2022,168148,R,1694,R,1788,R,95,R,1800,R,2,R,0,R,1798,R,1727,R,96,R,0,R,0,R,0,R,0,R,0,A,,R,10
2022,168421,R,1354,R,1439,R,94,R,1410,R,1,R,0,R,1409,R,1289,R,91,A,,A,,A,,A,,A,,A,,R,13
2022,170976,R,7024,R,8586,R,82,R,7251,Z,0,Z,0,R,7251,R,7049,R,97,R,39,Z,0,Z,0,R,39,R,33,R,85,R,12
2022,171100,R,9655,R,11361,R,85,R,8922,R,1,R,0,R,8921,R,7944,R,89,R,143,R,0,Z,0,R,143,R,94,R,66,R,17
2022,174066,R,6705,R,15056,R,45,R,6840,R,0,Z,0,R,6840,R,6169,R,90,R,43,R,0,Z,0,R,43,R,27,R,63,R,16
2022,179867,R,1808,R,2130,R,85,R,1970,R,1,R,0,R,1969,R,1890,R,96,R,10,R,0,R,0,R,10,R,5,R,50,R,7
2022,182670,R,1124,R,1196,R,94,R,1221,R,0,Z,0,R,1221,R,1197,R,98,A,,A,,A,,A,,A,,A,,R,7
2022,185828,R,1465,R,2858,R,51,R,1235,R,0,Z,0,R,1235,R,1099,R,89,R,139,R,0,Z,0,R,139,R,105,R,76,R,15
2022,186131,R,1497,R,1598,R,94,R,1288,R,0,Z,0,R,1288,R,1250,R,97,A,,A,,A,,A,,A,,A,,R,5
2022,186371,R,524,R,1109,R,47,R,597,R,0,R,0,R,597,R,469,R,79,R,7,R,0,R,0,R,7,R,3,R,43,R,13
2022,186380,R,7769,R,10046,R,77,R,6842,R,0,R,0,R,6842,R,6265,R,92,R,10,R,0,R,0,R,10,R,8,R,80,R,15
2022,186399,R,1232,R,2208,R,56,R,1295,R,0,R,0,R,1295,R,1065,R,82,R,5,R,0,R,0,R,5,R,3,R,60,R,13
2022,186867,R,1010,R,1060,R,95,R,1091,R,4,R,0,R,1087,R,1011,R,93,A,,A,,A,,A,,A,,A,,R,11
2022,190415,R,3491,R,4181,R,83,R,3718,R,4,R,0,R,3714,R,3590,R,97,A,,A,,A,,A,,A,,A,,R,9
2022,191241,R,2581,R,3016,R,86,R,2861,R,0,R,0,R,2861,R,2509,R,88,R,18,R,0,R,0,R,18,R,9,R,50,R,14
2022,193900,R,6164,R,7168,R,86,R,6040,R,19,R,0,R,6021,R,5700,R,95,R,9,R,0,R,0,R,9,R,6,R,67,R,8
2022,194824,R,2002,R,2103,R,95,R,1322,R,0,R,0,R,1322,R,1174,R,89,A,,A,,A,,A,,A,,A,,R,12
2022,195003,R,3201,R,4027,R,79,R,3217,R,5,R,0,R,3212,R,2742,R,85,R,2,R,0,R,0,R,2,R,2,R,100,R,13
2022,195030,R,1625,R,1847,R,88,R,1623,R,1,R,0,R,1622,R,1498,R,92,A,,A,,A,,A,,A,,A,,R,9
2022,196079,R,3103,R,3910,R,79,R,3084,R,1,R,0,R,3083,R,2796,R,91,R,5,R,0,R,0,R,5,R,3,R,60,R,19
2022,196088,R,4187,R,5609,R,75,R,4285,R,0,R,0,R,4285,R,3579,R,84,R,24,R,0,R,0,R,24,R,16,R,67,R,12
2022,196097,R,3342,R,4619,R,72,R,3407,R,0,R,20,R,3427,R,3010,R,88,R,9,R,0,R,0,R,9,R,8,R,89,R,19
2022,196413,R,4094,R,4678,R,88,R,3753,R,1,R,0,R,3752,R,3404,R,91,R,12,R,1,R,0,R,11,R,5,R,45,R,15
2022,197708,R,621,R,716,R,87,R,463,R,1,Z,0,R,462,R,426,R,92,R,4,Z,0,Z,0,R,4,R,3,R,75,R,7
2022,198419,R,1745,R,1804,R,97,R,1744,R,0,R,0,R,1744,R,1689,R,97,A,,A,,A,,A,,A,,A,,R,6
2022,199120,R,4425,R,5504,R,80,R,4678,R,4,Z,0,R,4674,R,4486,R,96,R,12,R,0,Z,0,R,12,R,11,R,92,R,17
2022,199193,R,5610,R,7702,R,73,R,4963,R,1,Z,0,R,4962,R,4653,R,94,R,18,R,0,Z,0,R,18,R,14,R,78,R,16
2022,199847,R,1370,R,1400,R,98,R,1411,R,0,R,0,R,1411,R,1323,R,94,R,1,R,0,R,0,R,1,R,0,R,0,R,10
2022,201645,R,1553,R,1671,R,93,R,1606,R,3,R,0,R,1603,R,1489,R,93,A,,A,,A,,A,,A,,A,,R,9
2022,204796,R,8027,R,11961,R,67,R,8398,R,1,R,0,R,8397,R,7842,R,93,R,25,R,0,R,0,R,25,R,13,R,52,R,17
2022,211440,R,1716,R,1794,R,96,R,1896,R,6,R,0,R,1890,R,1839,R,97,R,0,R,0,R,0,R,0,R,0,A,,R,5
2022,212054,R,2914,R,3555,R,82,R,2831,R,3,R,0,R,2828,R,2460,R,87,R,23,R,0,R,0,R,23,R,15,R,65,R,9
2022,213543,R,1511,R,1567,R,96,R,1519,R,0,R,0,R,1519,R,1380,R,91,A,,A,,A,,A,,A,,A,,R,10
2022,214777,R,9194,R,9744,R,94,R,8559,R,1,R,0,R,8558,R,7786,R,91,R,54,R,0,R,0,R,54,R,36,R,67,R,15
2022,215062,R,2415,R,2830,R,85,R,2338,R,3,R,0,R,2335,R,2297,R,98,R,61,R,0,R,0,R,61,R,57,R,93,R,8
2022,215293,R,4386,R,9669,R,45,R,4869,R,4,Z,0,R,4865,R,4508,R,93,R,6,R,1,Z,0,R,5,R,4,R,80,R,13
2022,216597,R,1762,R,1915,R,92,R,1767,R,0,R,0,R,1767,R,1697,R,96,R,5,R,0,R,0,R,5,R,3,R,60,R,10
2022,217156,R,1717,R,2120,R,81,R,1705,R,0,R,0,R,1705,R,1682,R,99,A,,A,,A,,A,,A,,A,,R,6
2022,217882,R,4575,R,6258,R,73,R,4585,R,0,R,0,R,4585,R,4236,R,92,R,8,R,0,R,0,R,8,R,1,R,13,R,16
2022,217925,R,162,R,381,R,43,R,165,R,0,R,0,R,165,R,109,R,66,R,13,R,0,R,0,R,13,R,5,R,38,R,13
2022,221999,R,1617,R,1869,R,87,R,1624,R,0,R,0,R,1624,R,1566,R,96,R,2,R,0,R,0,R,2,R,2,R,100,R,7
2022,223232,R,3286,R,3678,R,89,R,4258,R,3,R,0,R,4255,R,3847,R,90,R,13,R,0,R,0,R,13,R,6,R,46,R,15
2022,227757,R,1201,R,1248,R,96,R,1217,R,4,R,0,R,1213,R,1190,R,98,A,,A,,A,,A,,A,,A,,R,6
2022,228246,R,1636,R,1914,R,85,R,1568,Z,0,Z,0,R,1568,R,1415,R,90,R,4,Z,0,Z,0,R,4,R,3,R,75,R,11
2022,228723,R,11382,R,15725,R,72,R,11153,Z,0,Z,0,R,11153,R,10545,R,95,R,1170,Z,0,Z,0,R,1170,R,1072,R,92,R,18
2022,228778,R,8979,R,11233,R,80,R,8915,R,0,R,0,R,8915,R,8496,R,95,R,145,R,0,R,0,R,145,R,123,R,85,R,18
2022,228875,R,2484,R,2888,R,86,R,2555,R,1,R,0,R,2554,R,2343,R,92,R,5,R,0,R,0,R,5,R,3,R,60,R,14
2022,231624,R,1642,R,1797,R,91,R,1682,R,2,R,0,R,1680,R,1602,R,95,R,2,R,0,R,0,R,2,R,2,R,100,R,12
2022,234076,R,4021,R,5063,R,79,R,3889,R,1,R,0,R,3888,R,3769,R,97,R,0,R,0,R,0,R,0,R,0,A,,R,15
2022,236948,R,7311,R,9999,R,73,R,7166,R,1,R,0,R,7165,R,6707,R,94,R,86,R,0,R,0,R,86,R,66,R,77,R,21
2022,239105,R,1977,R,2284,R,87,R,1653,R,0,Z,0,R,1653,R,1479,R,89,R,4,R,0,Z,0,R,4,R,2,R,50,R,13
2022,240444,R,8605,R,10599,R,81,R,8442,Z,0,Z,0,R,8442,R,7963,R,94,R,23,Z,0,Z,0,R,23,R,15,R,65,R,18
2022,243744,R,1733,R,2067,R,84,R,2125,R,0,Z,0,R,2125,R,2089,R,98,A,,A,,A,,A,,A,,A,,R,6
2022,243780,R,9364,R,10580,R,89,R,10208,R,1,Z,0,R,10207,R,9234,R,90,R,31,R,0,Z,0,R,31,R,14,R,45,R,14
2022,445188,R,2371,R,2606,R,91,R,2400,R,0,R,0,R,2400,R,1967,R,82,R,10,R,0,R,0,R,10,R,1,R,10,R,19
