year,UNITID,XCDACTUA,CDACTUA,XCNACTUA,CNACTUA,XCDACTGA,CDACTGA,XEFTEUG,EFTEUG,XEFTEGD,EFTEGD,XFTEUG,FTEUG,XFTEGD,FTEGD,XFTEDPP,FTEDPP,ACTTYPE ,ACTTYPE
2019,100858,R,730908,A,,R,86499,G,24364,G,3604,G,24364,G,3604,R,1136,2,
2019,110404,R,41503,A,,R,47505,G,922,G,1320,G,922,G,1320,A,,2,
2019,110635,R,947804,A,,R,258522,G,31593,G,10772,G,31593,G,10772,R,1227,2,
2019,110644,R,1353307,A,,R,211221,G,30073,G,5867,G,30073,G,5867,R,1541,2,
2019,110653,R,1397599,A,,R,207901,G,31058,G,5775,G,31058,G,5775,R,981,2,
2019,110662,R,1461064,A,,R,424772,G,32468,G,11799,G,32468,G,11799,R,2024,2,
2019,110671,R,918637,A,,R,114173,G,20414,G,3171,G,20414,G,3171,R,244,2,
2019,110680,R,1392016,A,,R,258090,G,30934,G,7169,G,30934,G,7169,R,767,2,
2019,110705,R,1049386,A,,R,111304,G,23320,G,3092,G,23320,G,3092,A,,2,
2019,110714,R,813566,A,,R,70464,G,18079,G,1957,G,18079,G,1957,A,,2,
2019,121150,R,123952,A,,R,103144,G,4132,G,4298,G,4132,G,4298,R,605,2,
2019,122931,R,284869,A,,R,62146,G,6330,G,1726,R,5530,G,1726,R,697,2,
2019,123961,R,651262,A,,R,437614,G,21709,G,18234,G,21709,G,18234,R,3731,2,
2019,126614,R,879923,A,,R,89302,G,29331,G,3721,G,29331,G,3721,R,556,2,
2019,126775,R,148127,A,,R,25452,G,4938,G,1061,G,4938,G,1061,A,,2,
2019,129020,R,574422,A,,R,111705,G,19147,G,4654,G,19147,G,4654,R,1379,2,
2019,130794,R,226574,A,,R,197862,G,7552,G,8244,G,7552,G,8244,R,449,2,
2019,130943,R,596303,A,,R,66294,G,19877,G,2762,R,19093,R,3917,R,196,2,
2019,131159,R,250322,A,,R,80552,G,8344,G,3356,G,8344,R,3661,R,1447,2,
2019,131469,R,357896,A,,R,218133,G,11930,G,9089,G,11930,G,9089,R,2610,2,
2019,131496,R,210314,A,,R,161817,G,7010,G,6742,G,7010,G,6742,R,2827,2,
2019,131520,R,192880,A,,R,29739,G,6429,G,1239,G,6429,G,1239,R,1401,2,
2019,133951,R,1196874,A,,R,174505,G,39896,G,7271,G,39896,G,7271,R,1527,2,
2019,134097,R,967543,A,,R,160342,G,32251,G,6681,G,32251,G,6681,R,1033,2,
2019,134130,R,1048650,A,,R,269130,G,34955,G,11214,G,34955,G,11214,R,3651,2,
2019,135726,R,331272,A,,R,75049,G,11042,G,3127,G,11042,G,3127,R,2204,2,
2019,137351,R,877053,A,,R,189062,G,29235,G,7878,G,29235,G,7878,R,474,2,
2019,139658,R,235546,A,,R,132480,G,7852,G,5520,G,7852,G,5520,R,1842,2,
2019,139755,R,451739,A,,R,349783,G,15058,G,14574,G,15058,G,14574,A,,2,
2019,139959,R,861669,A,,R,220041,G,28722,G,9168,G,28722,G,9168,R,1945,2,
2019,144050,R,243628,A,,R,275201,G,5414,G,7644,R,6795,R,8804,R,973,2,
2019,145600,R,595113,A,,R,171906,G,19837,G,7163,G,19837,G,7163,R,5004,2,
2019,145637,R,1048246,A,,R,398608,G,34942,G,16609,G,34942,G,16609,R,1566,2,
2019,147767,R,381736,A,,R,368653,G,8483,G,10240,G,8483,G,10240,R,1449,2,
2019,151351,R,987198,A,,R,174368,G,32907,G,7265,G,32907,G,7265,R,1164,2,
2019,152080,R,286258,A,,R,77150,G,9542,G,3215,G,9542,G,3215,R,588,2,
2019,160472,A,,R,51600,A,,G,57,A,,G,57,A,,A,,1,
2019,160755,R,273902,A,,R,60356,G,9130,G,2515,G,9130,G,2515,R,1482,2,
2019,162928,R,196712,A,,R,439425,G,6557,G,18309,G,6557,G,18309,R,478,2,
2019,163286,R,870909,A,,R,153589,G,29030,G,6400,G,29030,G,6400,R,323,2,
2019,164924,R,293419,A,,R,72729,G,9781,G,3030,G,9781,G,3030,R,734,2,
2019,164988,R,667477,A,,R,254252,G,22249,G,10594,G,22249,G,10594,R,2099,2,
2019,165015,R,123825,A,,R,68144,G,4128,G,2839,G,4128,G,2839,A,,2,
2019,166027,R,275697,A,,R,388157,G,9190,G,16173,G,9190,G,16173,R,2596,2,
2019,166629,R,724586,A,,R,99783,G,24153,G,4158,G,24153,R,5544,R,222,2,
2019,166683,R,138065,A,,R,221346,G,4602,G,9223,R,4572,R,6887,A,,2,
2019,167358,R,540241,A,,R,118044,G,18008,G,4919,R,16883,R,4908,R,1227,2,
2019,168148,R,169770,A,,R,93826,G,5659,G,3909,G,5659,G,3909,R,2149,2,
2019,168421,R,170796,A,,R,28528,G,5693,G,1189,R,4744,R,1585,A,,2,
2019,170976,R,900895,A,,R,304757,G,30030,G,12698,G,30030,R,14852,R,2891,2,
2019,171100,R,1130887,A,,R,124337,G,37696,G,5181,G,37696,G,5181,R,2537,2,
2019,174066,R,1062014,A,,R,210478,G,35400,G,8770,G,35400,G,8770,R,5402,2,
2019,179867,R,224752,A,,R,130371,G,7492,G,5432,G,7492,G,5432,R,3399,2,
2019,182670,R,209535,A,,R,65237,G,4656,G,1812,G,4656,G,1812,R,404,2,
2019,185828,R,227626,A,,R,40113,G,7588,G,1671,G,7588,G,1671,A,,2,
2019,186131,R,170924,A,,R,34568,G,5697,G,1440,G,5697,G,3185,A,,2,
2019,186371,R,163313,A,,R,14664,G,5444,G,611,G,5444,G,611,R,326,2,
2019,186380,R,1130588,A,,R,214053,G,37686,G,8919,G,37686,G,8919,R,2325,2,
2019,186399,R,259984,A,,R,58748,G,8666,G,2448,G,8666,G,2448,R,624,2,
2019,186867,R,111893,A,,R,55820,G,3730,G,2326,G,3730,R,3101,A,,2,
2019,190415,R,489001,A,,R,217242,G,16300,G,9052,R,15459,G,9052,R,1090,2,
2019,191241,R,306321,A,,R,119874,G,10211,G,4995,R,9833,R,5272,R,1370,2,
2019,193900,R,877643,A,,R,457135,G,29255,G,19047,G,29255,G,19047,R,3441,2,
2019,194824,R,231885,A,,R,29766,G,7730,G,1240,G,7730,G,1240,A,,2,
2019,195003,R,349131,A,,R,48430,G,11638,G,2018,G,11638,G,2018,A,,2,
2019,195030,R,223872,A,,R,95181,G,7462,G,3966,G,7462,G,3966,R,423,2,
2019,196079,R,449495,A,,R,61226,G,14983,G,2551,G,14983,G,2551,R,9,2,
2019,196088,R,679437,A,,R,134004,G,22648,G,5584,G,22648,G,5584,R,2406,2,
2019,196097,R,539936,A,,R,144872,G,17998,G,6036,G,17998,G,6036,R,1251,2,
2019,196413,R,537510,A,,R,124291,G,17917,G,5179,G,17917,G,5179,R,603,2,
2019,197708,R,77291,A,,R,35718,G,2576,G,1488,G,2576,G,1488,R,1902,2,
2019,198419,R,251521,A,,R,166717,G,8384,G,6947,G,8384,G,6947,R,2005,2,
2019,199120,R,558319,A,,R,160688,G,18611,G,6695,G,18611,G,6695,R,3960,2,
2019,199193,R,722069,A,,R,158348,G,24069,G,6598,G,24069,G,6598,R,679,2,
2019,199847,R,152751,A,,R,59538,G,5092,G,2481,G,5092,G,2481,R,1005,2,
2019,201645,R,159537,A,,R,81445,G,5318,G,3394,G,5318,G,3394,R,2277,2,
2019,204796,R,1374825,A,,R,244097,G,45828,G,10171,G,45828,G,10171,R,4506,2,
2019,211440,R,201375,A,,R,232156,G,6713,G,9673,G,6713,G,9673,A,,2,
2019,212054,R,825413,A,,R,159730,G,18343,G,4437,G,18343,G,4437,R,1647,2,
2019,213543,R,161151,A,,R,25197,G,5372,G,1050,G,5372,G,1050,A,,2,
2019,214777,R,1292193,A,,R,86763,G,43073,G,3615,G,43073,G,3615,R,542,2,
2019,215062,R,438123,A,,R,311380,G,14604,G,12974,R,11947,R,10766,R,2426,2,
2019,215293,R,611898,A,,R,157260,G,20397,G,6553,G,20397,G,6553,R,3111,2,
2019,216597,R,226981,A,,R,53301,G,7566,G,2221,G,7566,G,2221,R,633,2,
2019,217156,R,218331,A,,R,53813,G,7278,G,2242,R,6955,R,2488,R,588,2,
2019,217882,R,602671,A,,R,98850,G,20089,G,4119,G,20089,G,4119,A,,2,
2019,217925,R,16441,A,,R,9711,G,548,G,405,G,548,G,405,A,,2,
2019,221999,R,201884,A,,R,95124,G,6729,G,3964,G,6729,G,3964,R,1163,2,
2019,223232,R,431124,A,,R,60962,G,14371,G,2540,G,14371,G,2540,R,855,2,
2019,227757,R,119673,A,,R,85327,G,3989,G,3555,G,3989,G,3555,A,,2,
2019,228246,R,201669,A,,R,78852,G,6722,G,3286,G,6722,G,3286,R,874,2,
2019,228723,R,1454754,A,,R,235920,G,48492,G,9830,G,48492,G,9830,R,2655,2,
2019,228778,R,1115734,A,,R,189990,G,37191,G,7916,G,37191,G,7916,R,2167,2,
2019,228875,R,278182,A,,R,21951,G,9273,G,915,G,9273,G,915,R,373,2,
2019,231624,R,185992,A,,R,42314,G,6200,G,1763,G,6200,G,1763,R,587,2,
2019,234076,R,508602,A,,R,185474,G,16953,G,7728,G,16953,G,7728,R,1592,2,
2019,236948,R,1560992,A,,R,454071,G,34689,G,12613,G,34689,R,15136,R,4452,2,
2019,239105,R,253221,A,,R,42320,G,8441,G,1763,G,8441,G,1763,R,1134,2,
2019,240444,R,899871,A,,R,155574,G,29996,G,6482,G,29996,G,6482,R,3647,2,
2019,243744,R,339198,A,,R,257596,G,7538,G,7155,G,7538,R,9395,R,1065,2,
2019,243780,R,1005278,A,,R,208016,G,33509,G,8667,G,33509,G,8667,R,1564,2,
2019,445188,R,237976,A,,R,16138,G,7933,G,672,G,7933,G,672,A,,2,
2020,100858,R,740929,A,,R,88462,G,24698,G,3686,G,24698,G,3686,R,1132,2,
2020,110404,R,41269,A,,R,47911,G,917,G,1331,G,917,G,1331,A,,2,
2020,110635,R,963828,A,,R,259865,G,32128,G,10828,G,32128,G,10828,R,1239,2,
2020,110644,R,1392785,A,,R,216900,G,30951,G,6025,G,30951,G,6025,R,1646,2,
2020,110653,R,1422874,A,,R,215304,G,31619,G,5981,G,31619,G,5981,R,981,2,
2020,110662,R,1483000,A,,R,422275,G,32956,G,11730,G,32956,G,11730,R,2076,2,
2020,110671,R,985139,A,,R,115198,G,21892,G,3200,G,21892,G,3200,R,283,2,
2020,110680,R,1442455,A,,R,266160,G,32055,G,7393,G,32055,G,7393,R,786,2,
2020,110705,R,1073951,A,,R,114114,G,23866,G,3170,G,23866,G,3170,A,,2,
2020,110714,R,817624,A,,R,72150,G,18169,G,2004,G,18169,G,2004,A,,2,
2020,121150,R,123356,A,,R,117356,G,4112,G,4890,G,4112,G,4890,R,595,2,
2020,122931,R,292684,A,,R,58778,G,6504,G,1633,R,5666,G,1633,R,715,2,
2020,123961,R,659759,A,,R,427983,G,21992,G,17833,G,21992,G,17833,R,3672,2,
2020,126614,R,906533,A,,R,93312,G,30218,G,3888,G,30218,G,3888,R,566,2,
2020,126775,R,158571,A,,R,28906,G,5286,G,1204,G,5286,G,1204,A,,2,
2020,129020,R,577595,A,,R,121086,G,19253,G,5045,G,19253,G,5045,R,1452,2,
2020,130794,R,240628,A,,R,197130,G,8021,G,8214,G,8021,G,8214,R,453,2,
2020,130943,R,597826,A,,R,66728,G,19928,G,2780,R,18510,R,3910,R,192,2,
2020,131159,R,257021,A,,R,74754,G,8567,G,3115,G,8567,R,3398,R,1446,2,
2020,131469,R,360017,A,,R,217270,G,12001,G,9053,G,12001,G,9053,R,2704,2,
2020,131496,R,214151,A,,R,166743,G,7138,G,6948,G,7138,G,6948,R,2840,2,
2020,131520,R,200372,A,,R,29063,G,6679,G,1211,G,6679,G,1211,R,1464,2,
2020,133951,R,1224689,A,,R,179656,G,40823,G,7486,G,40823,G,7486,R,1521,2,
2020,134097,R,987913,A,,R,172135,G,32930,G,7172,G,32930,G,7172,R,1062,2,
2020,134130,R,1052312,A,,R,280699,G,35077,G,11696,G,35077,G,11696,R,3362,2,
2020,135726,R,340847,A,,R,82136,G,11362,G,3422,G,11362,G,3422,R,2418,2,
2020,137351,R,1059170,A,,R,197228,G,35306,G,8218,G,35306,G,8218,R,531,2,
2020,139658,R,236435,A,,R,132656,G,7881,G,5527,G,7881,G,5527,R,1836,2,
2020,139755,R,460525,A,,R,384078,G,15351,G,16003,G,15351,G,16003,A,,2,
2020,139959,R,868444,A,,R,225390,G,28948,G,9391,G,28948,G,9391,R,1904,2,
2020,144050,R,255652,A,,R,281350,G,5681,G,7815,R,7003,R,8974,R,996,2,
2020,145600,R,629900,A,,R,170977,G,20997,G,7124,G,20997,G,7124,R,4761,2,
2020,145637,R,1059602,A,,R,440960,G,35320,G,18373,G,35320,G,18373,R,1602,2,
2020,147767,R,399280,A,,R,366654,G,8873,G,10185,G,8873,G,10185,R,1467,2,
2020,151351,R,1001598,A,,R,171273,G,33387,G,7136,G,33387,G,7136,R,1202,2,
2020,152080,R,287785,A,,R,82767,G,9593,G,3449,G,9593,G,3449,R,603,2,
2020,160472,A,,R,114200,A,,G,127,A,,G,127,A,,A,,1,
2020,160755,R,275043,A,,R,57822,G,9168,G,2409,G,9168,G,2409,R,1484,2,
2020,162928,R,201605,A,,R,474094,G,6720,G,19754,G,6720,G,19754,R,476,2,
2020,163286,R,902867,A,,R,159312,G,30096,G,6638,G,30096,R,7018,R,337,2,
2020,164924,R,295464,A,,R,72712,G,9849,G,3030,G,9849,G,3030,R,741,2,
2020,164988,R,663828,A,,R,245699,G,22128,G,10237,G,22128,G,10237,R,2059,2,
2020,165015,R,126339,A,,R,66445,G,4211,G,2769,G,4211,G,2769,A,,2,
2020,166027,R,273238,A,,R,387924,G,9108,G,16164,G,9108,G,16164,R,2594,2,
2020,166629,R,744350,A,,R,100025,G,24812,G,4168,G,24812,R,5557,R,230,2,
2020,166683,R,140351,A,,R,220192,G,4678,G,9175,R,4511,R,6905,A,,2,
2020,167358,R,542731,A,,R,120209,G,18091,G,5009,R,16960,G,5009,R,1187,2,
2020,168148,R,182362,A,,R,94523,G,6079,G,3938,G,6079,G,3938,R,2173,2,
2020,168421,R,177171,A,,R,28157,G,5906,G,1173,R,4921,R,1564,A,,2,
2020,170976,R,935242,A,,R,322025,G,31175,G,13418,G,31175,R,15568,R,2773,2,
2020,171100,R,1156978,A,,R,122652,G,38566,G,5111,G,38566,G,5111,R,3269,2,
2020,174066,R,1048100,A,,R,207514,G,34937,G,8646,G,34937,G,8646,R,5538,2,
2020,179867,R,225607,A,,R,132219,G,7520,G,5509,G,7520,G,5509,R,3430,2,
2020,182670,R,221195,A,,R,65369,G,4915,G,1816,G,4915,G,1816,R,392,2,
2020,185828,R,239203,A,,R,37766,G,7973,G,1574,G,7973,G,1574,A,,2,
2020,186131,R,173044,A,,R,32966,G,5768,G,1374,R,5425,R,3016,A,,2,
2020,186371,R,162212,A,,R,15102,G,5407,G,629,G,5407,G,629,R,387,2,
2020,186380,R,1138228,A,,R,214093,G,37941,G,8921,G,37941,G,8921,R,2445,2,
2020,186399,R,264047,A,,R,58260,G,8802,G,2428,G,8802,G,2428,R,641,2,
2020,186867,R,119295,A,,R,59336,G,3977,G,2472,G,3977,R,3296,A,,2,
2020,190415,R,486160,A,,R,226059,G,16205,G,9419,R,15391,R,8013,R,1110,2,
2020,191241,R,309847,A,,R,128769,G,10328,G,5365,R,9935,R,5714,R,1386,2,
2020,193900,R,890689,A,,R,462840,G,29690,G,19285,G,29690,G,19285,R,3412,2,
2020,194824,R,223320,A,,R,31612,G,7444,G,1317,G,7444,G,1317,A,,2,
2020,195003,R,340755,A,,R,48841,G,11359,G,2035,G,11359,G,2035,A,,2,
2020,195030,R,229084,A,,R,95093,G,7636,G,3962,G,7636,G,3962,R,426,2,
2020,196079,R,456219,A,,R,59591,G,15207,G,2483,G,15207,G,2483,R,278,2,
2020,196088,R,685408,A,,R,134037,G,22847,G,5585,G,22847,G,5585,R,2422,2,
2020,196097,R,566746,A,,R,152110,G,18892,G,6338,G,18892,G,6338,R,1251,2,
2020,196413,R,542529,A,,R,117613,G,18084,G,4901,G,18084,G,4901,R,604,2,
2020,197708,R,81449,A,,R,36062,G,2715,G,1503,G,2715,G,1503,R,1005,2,
2020,198419,R,250526,A,,R,161480,G,8351,G,6728,G,8351,G,6728,R,2178,2,
2020,199120,R,562149,A,,R,153382,G,18738,G,6391,G,18738,G,6391,R,3912,2,
2020,199193,R,740303,A,,R,158725,G,24677,G,6614,G,24677,G,6614,R,678,2,
2020,199847,R,156978,A,,R,56444,G,5233,G,2352,G,5233,G,2352,R,1080,2,
2020,201645,R,165053,A,,R,77928,G,5502,G,3247,G,5502,G,3247,R,2193,2,
2020,204796,R,1385843,A,,R,244980,G,46195,G,10208,G,46195,G,10208,R,4563,2,
2020,211440,R,208879,A,,R,235057,G,6963,G,9794,R,6507,R,7203,A,,2,
2020,212054,R,823650,A,,R,157267,G,18303,G,4369,R,14940,R,5422,R,1679,2,
2020,213543,R,169679,A,,R,23454,G,5656,G,977,G,5656,G,977,A,,2,
2020,215062,R,437827,A,,R,324136,G,14594,G,13506,R,11886,R,11077,R,2444,2,
2020,215293,R,610283,A,,R,153441,G,20343,G,6393,G,20343,G,6393,R,3193,2,
2020,216597,R,229000,A,,R,47898,G,7633,G,1996,G,7633,G,1996,R,648,2,
2020,217156,R,223773,A,,R,52606,G,7459,G,2192,R,7054,R,2485,R,598,2,
2020,217882,R,617501,A,,R,105038,G,20583,G,4377,G,20583,G,4377,A,,2,
2020,217925,R,20017,A,,R,13776,G,667,G,574,G,667,G,574,Z,0,2,
2020,221999,R,203305,A,,R,100398,G,6777,G,4183,G,6777,G,4183,R,1128,2,
2020,223232,R,426078,A,,R,66007,G,14203,G,2750,G,14203,G,2750,R,1732,2,
2020,227757,R,126560,A,,R,90917,G,4219,G,3788,G,4219,G,3788,A,,2,
2020,228246,R,208472,A,,R,78132,G,6949,G,3256,G,6949,G,3256,R,894,2,
2020,228723,R,1457713,A,,R,238444,G,48590,G,9935,G,48590,G,9935,R,2625,2,
2020,228778,R,1094952,A,,R,187820,G,36498,G,7826,G,36498,G,7826,R,1772,2,
2020,228875,R,280829,A,,R,21418,G,9361,G,892,G,9361,G,892,R,384,2,
2020,231624,R,182634,A,,R,43509,G,6088,G,1813,G,6088,G,1813,R,584,2,
2020,234076,C,511935,A,,R,189469,C,17065,G,7895,C,17065,G,7895,R,1637,2,
2020,236948,R,1437266,A,,R,435496,G,31939,G,12097,G,31939,R,14517,R,4461,2,
2020,239105,R,256490,A,,R,47590,G,8550,G,1983,G,8550,G,1983,R,1170,2,
2020,240444,R,930369,A,,R,159173,G,31012,G,6632,G,31012,G,6632,R,3707,2,
2020,243744,R,346935,A,,R,259384,G,7710,G,7205,G,7710,R,9388,R,1061,2,
2020,243780,R,1039471,A,,R,209481,G,34649,G,8728,G,34649,G,8728,R,1633,2,
2020,445188,R,248822,A,,R,17377,G,8294,G,724,G,8294,G,724,A,,2,
2021,100858,R,732281,A,,R,95648,G,24409,G,3985,G,24409,G,3985,R,1131,2,
2021,110404,R,39394,A,,R,48973,G,875,G,1360,G,875,G,1360,A,,2,
2021,110635,R,983908,A,,R,247334,G,32797,G,10306,G,32797,G,10306,R,1281,2,
2021,110644,R,1433429,A,,R,224932,G,31854,G,6248,G,31854,G,6248,R,1701,2,
2021,110653,R,1400031,A,,R,218631,G,31112,G,6073,G,31112,G,6073,R,997,2,
2021,110662,R,1529573,A,,R,416003,G,33991,G,11556,G,33991,G,11556,R,2128,2,
2021,110671,R,1019407,A,,R,125656,G,22653,G,3490,G,22653,G,3490,R,291,2,
2021,110680,R,1532234,A,,R,256070,G,34050,G,7113,G,34050,G,7113,R,803,2,
2021,110705,R,1073432,A,,R,114793,G,23854,G,3189,G,23854,G,3189,A,,2,
2021,110714,R,814479,A,,R,72233,G,18100,G,2006,G,18100,G,2006,A,,2,
2021,121150,R,123828,A,,R,147189,G,4128,G,6133,G,4128,G,6133,R,628,2,
2021,122931,R,286149,A,,R,62815,G,6359,G,1745,R,5594,G,1745,R,731,2,
2021,123961,R,638278,A,,R,411057,G,21276,G,17127,G,21276,G,17127,R,3427,2,
2021,126614,R,885521,A,,R,97044,G,29517,G,4044,G,29517,G,4044,R,563,2,
2021,126775,R,159381,A,,R,30107,G,5313,G,1254,G,5313,G,1254,A,,2,
2021,129020,R,574043,A,,R,117246,G,19135,G,4885,G,19135,G,4885,R,1482,2,
2021,130794,R,187314,A,,R,195006,G,6244,G,8125,G,6244,G,8125,R,442,2,
2021,130943,R,597817,A,,R,57334,G,19927,G,2389,R,19249,R,4003,R,161,2,
2021,131159,R,240129,A,,R,80579,G,8004,G,3357,G,8004,R,3662,R,1348,2,
2021,131469,R,329080,A,,R,206044,G,10969,G,8585,G,10969,G,8585,R,2914,2,
2021,131496,R,218810,A,,R,163265,G,7294,G,6803,G,7294,G,6803,R,2822,2,
2021,131520,R,244065,A,,R,29900,G,8136,G,1246,G,8136,G,1246,R,1463,2,
2021,133951,R,1231277,A,,R,190335,G,41043,G,7931,G,41043,G,7931,R,1762,2,
2021,134097,R,977529,A,,R,195085,G,32584,G,8129,G,32584,G,8129,R,1114,2,
2021,134130,R,1046314,A,,R,306908,G,34877,G,12788,G,34877,G,12788,R,3219,2,
2021,135726,R,349407,A,,R,81433,G,11647,G,3393,G,11647,G,3393,R,2475,2,
2021,137351,R,1067881,A,,R,197815,G,35596,G,8242,G,35596,G,8242,R,606,2,
2021,139658,R,235485,A,,R,134769,G,7850,G,5615,G,7850,G,5615,R,1749,2,
2021,139755,R,486785,A,,R,418936,G,16226,G,17456,G,16226,G,17456,A,,2,
2021,139959,R,871729,A,,R,237027,G,29058,G,9876,G,29058,G,9876,R,1957,2,
2021,144050,R,245195,A,,R,254497,G,5449,G,7069,R,7051,R,8619,R,1004,2,
2021,145600,R,635088,A,,R,168786,G,21170,G,7033,G,21170,G,7033,R,5768,2,
2021,145637,R,1049381,A,,R,477099,G,34979,G,19879,G,34979,G,19879,R,1676,2,
2021,147767,R,396824,A,,R,391358,G,8818,G,10871,G,8818,G,10871,R,1489,2,
2021,151351,R,1002745,A,,R,173882,G,33425,G,7245,G,33425,G,7245,R,1177,2,
2021,152080,R,295217,A,,R,78914,G,9841,G,3288,G,9841,G,3288,R,554,2,
2021,160472,A,,R,158400,A,,G,176,A,,G,176,A,,A,,1,
2021,160755,R,263434,A,,R,68782,G,8781,G,2866,G,8781,G,2866,R,1334,2,
2021,162928,R,207412,A,,R,483606,G,6914,G,20150,G,6914,G,20150,R,479,2,
2021,163286,R,890517,A,,R,147090,G,29684,G,6129,G,29684,G,6129,R,327,2,
2021,164924,R,298522,A,,R,62880,G,9951,G,2620,G,9951,G,2620,R,741,2,
2021,164988,R,646139,A,,R,251868,G,21538,G,10495,G,21538,G,10495,R,2048,2,
2021,165015,R,121387,A,,R,60218,G,4046,G,2509,G,4046,G,2509,A,,2,
2021,166027,R,235689,A,,R,387581,G,7856,G,16149,G,7856,G,16149,R,2561,2,
2021,166629,R,758146,A,,R,108080,G,25272,G,4503,G,25272,R,6004,R,207,2,
2021,166683,R,136638,A,,R,211260,G,4555,G,8803,R,4276,R,6808,A,,2,
2021,167358,R,575236,A,,R,114373,G,19175,G,4766,R,17976,G,4766,R,1318,2,
2021,168148,R,193095,A,,R,98941,G,6437,G,4123,G,6437,G,4123,R,2155,2,
2021,168421,R,181999,A,,R,26075,G,6067,G,1086,R,5056,R,1449,A,,2,
2021,170976,R,942575,A,,R,308198,G,31419,G,12842,G,31419,R,14959,R,3136,2,
2021,171100,R,1139141,A,,R,122901,G,37971,G,5121,G,37971,G,5121,R,3158,2,
2021,174066,R,1013717,A,,R,193775,G,33791,G,8074,G,33791,G,8074,R,5821,2,
2021,179867,R,231200,A,,R,117689,G,7707,G,4904,G,7707,G,4904,R,3446,2,
2021,182670,R,193885,A,,R,62496,G,4309,G,1736,G,4309,G,1736,R,396,2,
2021,185828,R,250222,A,,R,35429,G,8341,G,1476,G,8341,G,1476,A,,2,
2021,186131,R,155190,A,,R,32868,G,5173,G,1370,R,4779,R,3097,A,,2,
2021,186371,R,154526,A,,R,16182,G,5151,G,674,G,5151,G,674,R,425,2,
2021,186380,R,1145411,A,,R,224001,G,38180,G,9333,G,38180,G,9333,R,2426,2,
2021,186399,R,269194,A,,R,53729,G,8973,G,2239,G,8973,G,2239,R,672,2,
2021,186867,R,124125,A,,R,55510,G,4138,G,2313,G,4138,R,3084,A,,2,
2021,190415,R,476513,A,,R,221870,G,15884,G,9245,R,15141,R,7779,R,1051,2,
2021,191241,R,303156,A,,R,122394,G,10105,G,5100,G,10105,G,5100,R,1350,2,
2021,193900,R,906915,A,,R,467726,G,30231,G,19489,G,30231,G,19489,R,3424,2,
2021,194824,R,204281,A,,R,30229,G,6809,G,1260,G,6809,G,1260,A,,2,
2021,195003,R,349386,A,,R,47689,G,11646,G,1987,G,11646,G,1987,A,,2,
2021,195030,R,237323,A,,R,92447,G,7911,G,3852,G,7911,G,3852,R,435,2,
2021,196079,R,472902,A,,R,53434,G,15763,G,2226,G,15763,G,2226,R,210,2,
2021,196088,R,683386,A,,R,135148,G,22780,G,5631,G,22780,G,5631,R,2439,2,
2021,196097,R,577374,A,,R,150863,G,19246,G,6286,G,19246,G,6286,R,1309,2,
2021,196413,R,512967,A,,R,108824,G,17099,G,4534,G,17099,G,4534,R,580,2,
2021,197708,R,88643,A,,R,42148,G,2955,G,1756,G,2955,G,1756,R,968,2,
2021,198419,R,236976,A,,R,154768,G,7899,G,6449,G,7899,G,6449,R,1927,2,
2021,199120,R,561263,A,,R,153000,G,18709,G,6375,G,18709,G,6375,R,3879,2,
2021,199193,R,743410,A,,R,150615,G,24780,G,6276,G,24780,G,6276,R,675,2,
2021,199847,R,165103,A,,R,60664,G,5503,G,2528,G,5503,G,2528,R,1057,2,
2021,201645,R,171399,A,,R,72371,G,5713,G,3015,G,5713,G,3015,R,2303,2,
2021,204796,R,1388699,A,,R,238707,G,46290,G,9946,G,46290,G,9946,R,4557,2,
2021,211440,R,203260,A,,R,211368,G,6775,G,8807,R,6488,R,6427,A,,2,
2021,212054,R,798207,A,,R,160460,G,17738,G,4457,R,14159,R,5568,R,1736,2,
2021,213543,R,169373,A,,R,24772,G,5646,G,1032,G,5646,G,1032,A,,2,
2021,215062,R,421655,A,,R,333368,G,14055,G,13890,R,11161,R,11449,R,2499,2,
2021,215293,R,606035,A,,R,148921,G,20201,G,6205,G,20201,G,6205,R,3052,2,
2021,216597,R,233538,A,,R,54150,G,7785,G,2256,G,7785,G,2256,R,707,2,
2021,217156,R,195286,A,,R,53428,G,6510,G,2226,R,7035,R,2593,R,594,2,
2021,217882,R,639248,A,,R,103476,G,21308,G,4312,G,21308,G,4312,A,,2,
2021,217925,R,20728,A,,R,20542,G,691,G,856,G,691,G,856,R,65,2,
2021,221999,R,213519,A,,R,103333,G,7117,G,4306,G,7117,G,4306,R,1127,2,
2021,223232,R,450026,A,,R,78453,G,15001,G,3269,G,15001,G,3269,R,1812,2,
2021,227757,R,124924,A,,R,98340,G,4164,G,4098,G,4164,G,4098,A,,2,
2021,228246,R,213515,A,,R,87986,G,7117,G,3666,G,7117,G,3666,R,874,2,
2021,228723,R,1539553,A,,R,238421,G,51318,G,9934,G,51318,G,9934,R,2677,2,
2021,228778,R,1129409,A,,R,183212,G,37647,G,7634,G,37647,G,7634,R,1733,2,
2021,228875,R,289736,A,,R,22788,G,9658,G,950,G,9658,G,950,R,495,2,
2021,231624,R,183523,A,,R,47352,G,6117,G,1973,G,6117,G,1973,R,619,2,
2021,234076,R,520342,A,,R,172520,G,17345,G,7188,G,17345,G,7188,R,1611,2,
2021,236948,R,1440233,A,,R,436533,G,32005,G,12126,G,32005,R,14551,R,4357,2,
2021,239105,R,244390,A,,R,52221,G,8146,G,2176,G,8146,G,2176,R,1210,2,
2021,240444,R,943660,A,,R,158903,G,31455,G,6621,G,31455,G,6621,R,3743,2,
2021,243744,R,284883,A,,R,234638,G,6331,G,6518,G,6331,R,8978,R,1047,2,
2021,243780,R,1069645,A,,R,207436,G,35655,G,8643,G,35655,G,8643,R,1699,2,
2021,445188,R,260329,A,,R,18507,G,8678,G,771,G,8678,G,771,A,,2,
2022,100858,R,730851,A,,R,99108,G,24362,G,4130,G,24362,G,4130,R,1093,2,
2022,110404,R,43419,A,,R,51780,G,965,G,1438,G,965,G,1438,A,,2,
2022,110635,R,979027,A,,R,285966,G,32634,G,11915,G,32634,G,11915,R,1323,2,
2022,110644,R,1417768,A,,R,237374,G,31506,G,6594,G,31506,G,6594,R,1771,2,
2022,110653,R,1346445,A,,R,231366,G,29921,G,6427,G,29921,G,6427,R,977,2,
2022,110662,R,1499085,A,,R,445558,G,33313,G,12377,G,33313,G,12377,R,2107,2,
2022,110671,R,990560,A,,R,133497,G,22012,G,3708,G,22012,G,3708,R,303,2,
2022,110680,R,1553802,A,,R,293577,G,34529,G,8155,G,34529,G,8155,R,784,2,
2022,110705,R,1033260,A,,R,113782,G,22961,G,3161,G,22961,G,3161,A,,2,
2022,110714,R,836608,A,,R,72252,G,18591,G,2007,G,18591,G,2007,A,,2,
2022,121150,R,124851,A,,R,151158,G,4162,G,6298,G,4162,G,6298,R,672,2,
2022,122931,R,295376,A,,R,62264,G,6564,G,1730,R,5811,G,1730,R,698,2,
2022,123961,R,656452,A,,R,441388,G,21882,G,18391,G,21882,G,18391,R,3392,2,
2022,126614,R,898516,A,,R,104358,G,29951,G,4348,G,29951,G,4348,R,566,2,
2022,126775,R,167123,A,,R,31126,G,5571,G,1297,G,5571,G,1297,A,,2,
2022,129020,R,568188,A,,R,117784,G,18940,G,4908,G,18940,G,4908,R,1493,2,
2022,130794,R,248172,A,,R,210762,G,8272,G,8782,G,8272,G,8782,R,467,2,
2022,130943,R,571841,A,,R,59441,G,19061,G,2477,R,19173,R,4220,R,205,2,
2022,131159,R,257551,A,,R,89980,G,8585,G,3749,G,8585,R,4090,R,1283,2,
2022,131469,R,333501,A,,R,218245,G,11117,G,9094,G,11117,G,9094,R,2994,2,
2022,131496,R,216519,A,,R,181398,G,7217,G,7558,G,7217,G,7558,R,2833,2,
2022,131520,R,267601,A,,R,32780,G,8920,G,1366,G,8920,G,1366,R,1421,2,
2022,133951,R,1169336,A,,R,198434,G,38978,G,8268,G,38978,G,8268,R,1793,2,
2022,134097,R,997144,A,,R,208757,G,33238,G,8698,G,33238,G,8698,R,1184,2,
2022,134130,R,1026873,A,,R,349126,G,34229,G,14547,G,34229,G,14547,R,3231,2,
2022,135726,R,370938,A,,R,87863,G,12365,G,3661,G,12365,G,3661,R,2577,2,
2022,137351,R,1047635,A,,R,190072,G,34921,G,7920,G,34921,G,7920,R,712,2,
2022,139658,R,235562,A,,R,150928,G,7852,G,6289,G,7852,G,6289,R,1815,2,
2022,139755,R,490809,A,,R,465551,G,16360,G,19398,G,16360,G,19398,A,,2,
2022,139959,R,861268,A,,R,248863,G,28709,G,10369,G,28709,G,10369,R,2015,2,
2022,144050,R,258814,A,,R,298488,G,5751,G,8291,R,7557,R,9064,R,1015,2,
2022,145600,R,625777,A,,R,177330,G,20859,G,7389,G,20859,G,7389,R,5797,2,
2022,145637,R,1068916,A,,R,523185,G,35631,G,21799,G,35631,G,21799,R,1886,2,
2022,147767,R,398655,A,,R,407803,G,8859,G,11328,G,8859,G,11328,R,1491,2,
2022,151351,R,1088960,A,,R,192553,G,36299,G,8023,G,36299,G,8023,R,1270,2,
2022,152080,R,290525,A,,R,84369,G,9684,G,3515,G,9684,G,3515,R,563,2,
2022,160472,A,,R,156800,A,,G,174,A,,G,174,A,,A,,1,
2022,160755,R,270107,A,,R,67421,G,9004,G,2809,G,9004,G,2809,R,1462,2,
2022,162928,R,197178,A,,R,522618,G,6573,G,21776,G,6573,G,21776,R,479,2,
2022,163286,R,872834,A,,R,156111,G,29094,G,6505,G,29094,G,6505,R,310,2,
2022,164924,R,305758,A,,R,79822,G,10192,G,3326,G,10192,G,3326,R,880,2,
2022,164988,R,688575,A,,R,293316,G,22953,G,12222,G,22953,G,12222,R,2059,2,
2022,165015,R,120635,A,,R,62980,G,4021,G,2624,G,4021,G,2624,A,,2,
2022,166027,R,276643,A,,R,385375,G,9221,G,16057,G,9221,G,16057,R,2591,2,
2022,166629,R,744177,A,,R,113678,G,24806,G,4737,G,24806,R,6315,R,171,2,
2022,166683,R,138243,A,,R,226721,G,4608,G,9447,R,4605,R,7231,A,,2,
2022,167358,R,627219,A,,R,196432,G,20907,G,8185,R,19601,R,8224,R,1309,2,
2022,168148,R,209681,A,,R,118419,G,6989,G,4934,G,6989,G,4934,R,2161,2,
2022,168421,R,191341,A,,R,25471,G,6378,G,1061,R,5315,R,1415,A,,2,
2022,170976,R,951235,A,,R,339247,G,31708,G,14135,G,31708,R,16249,R,3212,2,
2022,171100,R,1116849,A,,R,123507,G,37228,G,5146,G,37228,G,5146,R,3185,2,
2022,174066,R,994694,A,,R,201701,G,33156,G,8404,G,33156,G,8404,R,5779,2,
2022,179867,R,232724,A,,R,150106,G,7757,G,6254,G,7757,G,6254,R,3555,2,
2022,182670,R,219725,A,,R,60868,G,4883,G,1691,G,4883,G,1691,R,386,2,
2022,185828,R,240196,A,,R,39994,G,8007,G,1666,G,8007,G,1666,A,,2,
2022,186131,R,171632,A,,R,34640,G,5721,G,1443,R,5374,R,3187,A,,2,
2022,186371,R,135214,A,,R,16838,G,4507,G,702,G,4507,G,702,R,450,2,
2022,186380,R,1125059,A,,R,225283,G,37502,G,9387,G,37502,G,9387,R,2403,2,
2022,186399,R,236657,A,,R,50324,G,7889,G,2097,G,7889,G,2097,R,703,2,
2022,186867,R,129861,A,,R,71560,G,4329,G,2982,G,4329,R,3976,A,,2,
2022,190415,R,467242,A,,R,201733,G,15575,G,8406,G,15575,G,8406,R,1052,2,
2022,191241,R,333694,A,,R,127671,G,11123,G,5320,G,11123,G,5320,R,1325,2,
2022,193900,R,957897,A,,R,539390,G,31930,G,22475,G,31930,G,22475,R,3461,2,
2022,194824,R,196656,A,,R,28752,G,6555,G,1198,G,6555,G,1198,A,,2,
2022,195003,R,358695,A,,R,49655,G,11957,G,2069,G,11957,G,2069,A,,2,
2022,195030,R,211886,A,,R,97243,G,7063,G,4052,G,7063,G,4052,R,440,2,
2022,196079,R,459239,A,,R,56483,G,15308,G,2353,G,15308,G,2353,R,325,2,
2022,196088,R,660202,A,,R,163046,G,22007,G,6794,G,22007,G,6794,R,2441,2,
2022,196097,R,562521,A,,R,151724,G,18751,G,6322,G,18751,G,6322,R,1293,2,
2022,196413,R,525539,A,,R,110662,G,17518,G,4611,G,17518,G,4611,R,689,2,
2022,197708,R,84159,A,,R,43060,G,2805,G,1794,G,2805,G,1794,R,979,2,
2022,198419,R,206652,A,,R,150878,G,6888,G,6287,G,6888,R,6187,R,1927,2,
2022,199120,R,566764,A,,R,176321,G,18892,G,7347,G,18892,G,7347,R,3667,2,
2022,199193,R,739375,A,,R,155583,G,24646,G,6483,G,24646,G,6483,R,670,2,
2022,199847,R,160607,A,,R,64061,G,5354,G,2669,G,5354,G,2669,R,1055,2,
2022,201645,R,179811,A,,R,71179,G,5994,G,2966,G,5994,G,2966,R,2276,2,
2022,204796,R,1369038,A,,R,247490,G,45635,G,10312,G,45635,G,10312,R,4586,2,
2022,211440,R,210654,A,,R,262589,G,7022,G,10941,R,6837,R,7737,A,,2,
2022,212054,R,775329,A,,R,154875,G,17230,G,4302,R,14025,R,5381,R,1754,2,
2022,213543,R,175195,A,,R,24580,G,5840,G,1024,G,5840,G,1024,A,,2,
2022,214777,R,1278414,A,,R,148956,G,42614,G,6207,G,42614,G,6207,R,1511,2,
2022,215062,R,411508,A,,R,373409,G,13717,G,15559,R,11385,R,12840,R,2599,2,
2022,215293,R,629919,A,,R,155039,G,20997,G,6460,G,20997,G,6460,R,3168,2,
2022,216597,R,227960,A,,R,47225,G,7599,G,1968,G,7599,G,1968,R,754,2,
2022,217156,R,255796,A,,R,57108,G,8527,G,2380,R,7375,R,2775,R,619,2,
2022,217882,R,659665,A,,R,105872,G,21989,G,4411,G,21989,G,4411,A,,2,
2022,217925,R,21185,A,,R,24498,G,706,G,1021,G,706,G,1021,A,,2,
2022,221999,R,207627,A,,R,108292,G,6921,G,4512,G,6921,G,4512,R,1111,2,
2022,223232,R,467088,A,,R,84356,G,15570,G,3515,G,15570,G,3515,R,2204,2,
2022,227757,R,129947,A,,R,109098,G,4332,G,4546,G,4332,G,4546,A,,2,
2022,228246,R,211835,A,,R,88231,G,7061,G,3676,G,7061,G,3676,R,889,2,
2022,228723,R,1534569,A,,R,251169,G,51152,G,10465,G,51152,G,10465,R,2791,2,
2022,228778,R,1119801,A,,R,192004,G,37327,G,8000,G,37327,G,8000,R,1773,2,
2022,228875,R,301197,A,,R,21967,G,10040,G,915,G,10040,G,915,R,572,2,
2022,231624,R,190551,A,,R,52166,G,6352,G,2174,G,6352,G,2174,R,598,2,
2022,234076,R,510278,A,,R,191943,G,17009,G,7998,G,17009,G,7998,R,1614,2,
2022,236948,R,1426958,A,,R,451279,G,31710,G,12536,G,31710,R,15043,R,4297,2,
2022,239105,R,230229,A,,R,51626,G,7674,G,2151,G,7674,G,2151,R,1225,2,
2022,240444,R,983978,A,,R,168148,G,32799,G,7006,G,32799,G,7006,R,3791,2,
2022,243744,R,364120,A,,R,251435,G,8092,G,6984,G,8092,R,9083,R,1044,2,
2022,243780,R,1136727,A,,R,230729,G,37891,G,9614,G,37891,G,9614,R,1714,2,
2022,445188,R,259134,A,,R,18723,G,8638,G,780,G,8638,G,780,A,,2,
2023,100858,R,746148,A,.,R,95154,G,24872,G,3965,G,24872,G,3965,R,1070,,2
2023,110404,R,43359,A,.,R,52316,G,964,G,1453,G,964,G,1453,A,.,,2
2023,110635,R,989345,A,.,R,273574,G,32978,G,11399,G,32978,G,11399,R,1260,,2
2023,110644,R,1408078,A,.,R,228209,G,31291,G,6339,G,31291,G,6339,R,1736,,2
2023,110653,R,1321387,A,.,R,236481,G,29364,G,6569,G,29364,G,6569,R,1048,,2
2023,110662,R,1511894,A,.,R,444089,G,33598,G,12336,G,33598,G,12336,R,2110,,2
2023,110671,R,1008647,A,.,R,126110,G,22414,G,3503,G,22414,G,3503,R,314,,2
2023,110680,R,1550833,A,.,R,294054,G,34463,G,8168,G,34463,G,8168,R,787,,2
2023,110705,R,1038862,A,.,R,116603,G,23086,G,3239,G,23086,G,3239,A,.,,2
2023,110714,R,832732,A,.,R,72066,G,18505,G,2002,G,18505,G,2002,A,.,,2
2023,121150,R,125441,A,.,R,137409,G,4181,G,5725,G,4181,G,5725,R,676,,2
2023,122931,R,307476,A,.,R,62159,G,6833,G,1727,R,6014,G,1727,R,659,,2
2023,123961,R,655490,A,.,R,391466,G,21850,G,16311,G,21850,G,16311,R,3483,,2
2023,126614,R,910755,A,.,R,111547,G,30359,G,4648,G,30359,G,4648,R,558,,2
2023,126775,R,171383,A,.,R,31405,G,5713,G,1309,G,5713,G,1309,A,.,,2
2023,129020,R,579570,A,.,R,109452,G,19319,G,4561,G,19319,G,4561,R,1458,,2
2023,130794,R,248690,A,.,R,212238,G,8290,G,8843,G,8290,G,8843,R,468,,2
2023,130943,R,585270,A,.,R,62890,G,19509,G,2620,R,19257,R,4369,R,194,,2
2023,131159,R,244774,A,.,R,88733,G,8159,G,3697,G,8159,R,4033,R,1396,,2
2023,131469,R,330367,A,.,R,200414,G,11012,G,8351,G,11012,G,8351,R,3183,,2
2023,131496,R,215535,A,.,R,172418,G,7185,G,7184,G,7185,G,7184,R,2881,,2
2023,131520,R,294286,A,.,R,34813,G,9810,G,1451,G,9810,G,1451,R,1370,,2
2023,133951,R,1149403,A,.,R,190971,G,38313,G,7957,G,38313,G,7957,R,1717,,2
2023,134097,R,982500,A,.,R,199707,G,32750,G,8321,G,32750,G,8321,R,1103,,2
2023,134130,R,1018223,A,.,R,341762,G,33941,G,14240,G,33941,G,14240,R,3169,,2
2023,135726,R,385355,A,.,R,84751,G,12845,G,3531,G,12845,G,3531,R,2559,,2
2023,137351,R,1070233,A,.,R,189034,G,35674,G,7876,G,35674,G,7876,R,700,,2
2023,139658,R,233581,A,.,R,152643,G,7786,G,6360,G,7786,G,6360,R,1849,,2
2023,139755,R,521383,A,.,R,461481,G,17379,G,19228,G,17379,G,19228,A,.,,2
2023,139959,R,885815,A,.,R,248555,G,29527,G,10356,G,29527,G,10356,R,2014,,2
2023,144050,R,279975,A,.,R,287641,G,6222,G,7990,R,7634,R,8973,R,1029,,2
2023,145600,R,618616,A,.,R,166528,G,20621,G,6939,G,20621,G,6939,R,5730,,2
2023,145637,R,1074373,A,.,R,502795,G,35812,G,20950,G,35812,G,20950,R,2010,,2
2023,147767,R,410621,A,.,R,397170,G,9125,G,11033,G,9125,G,11033,R,1480,,2
2023,151351,R,1150685,A,.,R,192045,G,38356,G,8002,G,38356,G,8002,R,1253,,2
2023,152080,R,292958,A,.,R,83465,G,9765,G,3478,G,9765,G,3478,R,523,,2
2023,160472,A,.,R,198202,A,.,G,220,A,.,G,220,A,.,A,.,,1
2023,160755,R,275960,A,.,R,59800,G,9199,G,2492,G,9199,G,2492,R,1544,,2
2023,162928,R,196062,A,.,R,534406,G,6535,G,22267,G,6535,G,22267,R,488,,2
2023,163286,R,865165,A,.,R,154214,G,28839,G,6426,G,28839,R,6988,R,297,,2
2023,164924,R,289035,A,.,R,68443,G,9635,G,2852,G,9635,G,2852,R,1029,,2
2023,164988,R,690777,A,.,R,300297,G,23026,G,12512,G,23026,G,12512,R,2029,,2
2023,165015,R,125370,A,.,R,56713,G,4179,G,2363,G,4179,G,2363,A,.,,2
2023,166027,R,274359,A,.,R,466619,G,9145,G,19442,G,9145,G,19442,R,2614,,2
2023,166629,R,762510,A,.,R,116526,G,25417,G,4855,G,25417,R,6474,R,148,,2
2023,166683,R,140886,A,.,R,231513,G,4696,G,9646,R,4620,R,7083,A,.,,2
2023,167358,R,608736,A,.,R,221462,G,20291,G,9228,R,19023,R,9227,R,1338,,2
2023,168148,R,213919,A,.,R,115465,G,7131,G,4811,G,7131,G,4811,R,2183,,2
2023,168421,R,194463,A,.,R,26456,G,6482,G,1102,R,5402,R,1470,A,.,,2
2023,170976,R,972800,A,.,R,335773,G,32427,G,13991,G,32427,R,16130,R,3291,,2
2023,171100,R,1138165,A,.,R,118074,G,37939,G,4920,G,37939,G,4920,R,3131,,2
2023,174066,R,992638,A,.,R,195054,G,33088,G,8127,G,33088,G,8127,R,5743,,2
2023,179867,R,235917,A,.,R,130672,G,7864,G,5445,G,7864,G,5445,R,3710,,2
2023,182670,R,214565,A,.,R,63972,G,4768,G,1777,G,4768,G,1777,R,374,,2
2023,185828,R,246059,A,.,R,48808,G,8202,G,2034,G,8202,G,2034,A,.,,2
2023,186131,R,177436,A,.,R,35770,G,5915,G,1490,R,5642,R,3256,A,.,,2
2023,186371,R,119385,A,.,R,18457,G,3980,G,769,G,3980,G,769,R,445,,2
2023,186380,R,1141578,A,.,R,219937,G,38053,G,9164,G,38053,G,9164,R,2341,,2
2023,186399,R,212559,A,.,R,43187,G,7085,G,1799,G,7085,G,1799,R,695,,2
2023,186867,R,132280,A,.,R,81724,G,4409,G,3405,G,4409,R,4540,A,.,,2
2023,190415,R,504263,A,.,R,255104,G,16809,G,10629,G,16809,G,10629,R,1076,,2
2023,191241,R,322241,A,.,R,110342,G,10741,G,4598,G,10741,G,4598,R,1339,,2
2023,193900,R,972652,A,.,R,519475,G,32422,G,21645,G,32422,G,21645,R,3423,,2
2023,194824,R,194532,A,.,R,24899,G,6484,G,1037,G,6484,G,1037,A,.,,2
2023,195003,R,361668,A,.,R,49356,G,12056,G,2057,G,12056,G,2057,A,.,,2
2023,195030,R,213691,A,.,R,91209,G,7123,G,3800,G,7123,G,3800,R,442,,2
2023,196079,R,467842,A,.,R,61244,G,15595,G,2552,G,15595,G,2552,R,443,,2
2023,196088,R,638789,A,.,R,163586,G,21293,G,6816,G,21293,G,6816,R,2513,,2
2023,196097,R,559355,A,.,R,141594,G,18645,G,5900,G,18645,G,5900,R,1174,,2
2023,196413,R,524539,A,.,R,111049,G,17485,G,4627,G,17485,G,4627,R,580,,2
2023,197708,R,92263,A,.,R,50225,G,3075,G,2093,G,3075,G,2093,R,999,,2
2023,198419,R,224454,A,.,R,173301,G,7482,G,7221,G,7482,G,7221,R,1669,,2
2023,199120,R,576537,A,.,R,164236,G,19218,G,6843,G,19218,G,6843,R,3554,,2
2023,199193,R,746912,A,.,R,155728,G,24897,G,6489,G,24897,G,6489,R,679,,2
2023,199847,R,159981,A,.,R,61657,G,5333,G,2569,G,5333,G,2569,R,1049,,2
2023,201645,R,187341,A,.,R,73915,G,6245,G,3080,G,6245,G,3080,R,2364,,2
2023,204796,R,1346825,A,.,R,243523,G,44894,G,10147,G,44894,G,10147,R,4463,,2
2023,211440,R,217138,A,.,R,267840,G,7238,G,11160,R,6944,R,8564,A,.,,2
2023,212054,R,750026,A,.,R,149046,G,16667,G,4140,R,13698,R,5124,R,1779,,2
2023,213543,R,181955,A,.,R,27645,G,6065,G,1152,G,6065,G,1152,A,.,,2
2023,214777,R,1318555,A,.,R,152317,G,43952,G,6347,G,43952,G,6347,R,1462,,2
2023,215062,R,411068,A,.,R,371088,G,13702,G,15462,R,11417,R,13104,R,2601,,2
2023,215293,R,631130,A,.,R,158549,G,21038,G,6606,G,21038,G,6606,R,3348,,2
2023,216597,R,226622,A,.,R,40112,G,7554,G,1671,G,7554,G,1671,R,748,,2
2023,217156,R,232897,A,.,R,59939,G,7763,G,2497,R,7689,R,3035,R,599,,2
2023,217882,R,683672,A,.,R,108521,G,22789,G,4522,G,22789,G,4522,A,.,,2
2023,217925,R,22227,A,.,R,23368,G,741,G,974,G,741,G,974,A,.,,2
2023,221999,R,210855,A,.,R,104450,G,7029,G,4352,G,7029,G,4352,R,1094,,2
2023,223232,R,468713,A,.,R,77165,G,15624,G,3215,G,15624,G,3215,R,2396,,2
2023,227757,R,136093,A,.,R,105728,G,4536,G,4405,G,4536,G,4405,A,.,,2
2023,228246,R,216939,A,.,R,78178,G,7231,G,3257,G,7231,G,3257,R,857,,2
2023,228723,R,1544560,A,.,R,251590,G,51485,G,10483,G,51485,G,10483,R,2835,,2
2023,228778,R,1136934,A,.,R,189555,G,37898,G,7898,G,37898,G,7898,R,1730,,2
2023,228875,R,314425,A,.,R,21995,G,10481,G,916,G,10481,G,916,R,624,,2
2023,231624,R,198760,A,.,R,51005,G,6625,G,2125,G,6625,G,2125,R,591,,2
2023,234076,R,532454,A,.,R,200681,G,17748,G,8362,G,17748,G,8362,R,1665,,2
2023,236948,R,1419351,A,.,R,452032,G,31541,G,12556,G,31541,R,15068,R,4506,,2
2023,239105,R,224351,A,.,R,52422,G,7478,G,2184,G,7478,G,2184,R,1230,,2
2023,240444,R,1042843,A,.,R,171553,G,34761,G,7148,G,34761,G,7148,R,3838,,2
2023,243744,R,371651,A,.,R,260981,G,8259,G,7249,G,8259,R,9788,R,1047,,2
2023,243780,R,1163052,A,.,R,228865,G,38768,G,9536,G,38768,G,9536,R,1627,,2
2023,445188,R,251352,A,.,R,18471,G,8378,G,770,G,8378,G,770,A,.,,2
