year,UNITID,XBAREVCT,BAREVCT,XBAEXCLU,BAEXCLU,XBAAC150,BAAC150,XBANC100,BANC100,XBAGR100,BAGR100,XBANC150,BANC150,XBAGR150,BAGR150,XBAAEXCL,BAAEXCL,XBAAC200,BAAC200,XBANC20A,BANC200A,XBASTEND,BASTEND,XBANC200,BANC200,XBAGR200,BAGR200,XL4REVCT,L4REVCT,XL4EXCLU,L4EXCLU,XL4AC150,L4AC150,XL4NC100,L4NC100,XL4GR100,L4GR100,XL4NC150,L4NC150,XL4GR150,L4GR150,XL4AEXCL,L4AEXCL,XL4AC200,L4AC200,XL4NC20A,L4NC200A,XL4STEND,L4STEND,XL4NC200,L4NC200,XL4GR200,L4GR200 
20,100858,R,3835,R,0,R,3835,R,1908,R,50,R,2979,R,78,R,0,R,3835,R,74,R,25,R,3053,R,80,A,,A,,A,,A,,A,,A,,A,,A,,A,,A,,A,,A,,A,
20,110404,R,264,R,1,R,263,R,212,R,81,R,242,R,92,R,0,R,263,R,2,R,0,R,244,R,93,A,,A,,A,,A,,A,,A,,A,,A,,A,,A,,A,,A,,A,
20,110635,R,4127,R,0,R,4127,R,3074,R,74,R,3772,R,91,R,0,R,4127,R,55,R,16,R,3827,R,93,A,,A,,A,,A,,A,,A,,A,,A,,A,,A,,A,,A,,A,
20,110644,R,5169,R,2,R,5167,R,3144,R,61,R,4467,R,86,R,0,R,5167,R,82,R,19,R,4549,R,88,A,,A,,A,,A,,A,,A,,A,,A,,A,,A,,A,,A,,A,
20,110653,R,5065,R,2,R,5063,R,3423,R,68,R,4221,R,83,Z,0,R,5063,R,47,R,14,R,4268,R,84,A,,A,,A,,A,,A,,A,,A,,A,,A,,A,,A,,A,,A,
20,110662,R,5609,R,3,R,5606,R,4309,R,77,R,5074,R,91,R,0,R,5606,R,61,R,13,R,5135,R,92,A,,A,,A,,A,,A,,A,,A,,A,,A,,A,,A,,A,,A,
20,110671,R,4001,R,4,R,3997,R,2191,R,55,R,2979,R,75,R,0,R,3997,R,63,R,12,R,3042,R,76,A,,A,,A,,A,,A,,A,,A,,A,,A,,A,,A,,A,,A,
20,110680,R,4573,R,0,R,4573,R,2817,R,62,R,3928,R,86,R,0,R,4573,R,104,R,86,R,4032,R,88,A,,A,,A,,A,,A,,A,,A,,A,,A,,A,,A,,A,,A,
20,110705,R,4722,R,0,R,4722,R,3216,R,68,R,3865,R,82,Z,0,R,4722,R,71,R,18,R,3936,R,83,A,,A,,A,,A,,A,,A,,A,,A,,A,,A,,A,,A,,A,
20,110714,R,3818,R,3,R,3815,R,1874,R,49,R,2841,R,74,R,0,R,3815,R,69,R,5,R,2910,R,76,A,,A,,A,,A,,A,,A,,A,,A,,A,,A,,A,,A,,A,
20,121150,R,787,R,0,R,787,R,574,R,73,R,655,R,83,Z,0,R,787,R,6,R,1,R,661,R,84,A,,A,,A,,A,,A,,A,,A,,A,,A,,A,,A,,A,,A,
20,122931,R,1276,R,0,R,1276,R,1072,R,84,R,1155,R,91,R,0,R,1276,R,7,R,1,R,1162,R,91,A,,A,,A,,A,,A,,A,,A,,A,,A,,A,,A,,A,,A,
20,123961,R,3308,R,6,R,3302,R,2534,R,77,R,3035,R,92,R,0,R,3302,R,30,R,8,R,3065,R,93,A,,A,,A,,A,,A,,A,,A,,A,,A,,A,,A,,A,,A,
20,126614,R,5432,R,16,R,5416,R,2570,R,47,R,3833,R,71,R,0,R,5416,R,109,R,31,R,3942,R,73,A,,A,,A,,A,,A,,A,,A,,A,,A,,A,,A,,A,,A,
20,126775,R,949,R,0,R,949,R,561,R,59,R,761,R,80,R,0,R,949,R,10,R,4,R,771,R,81,A,,A,,A,,A,,A,,A,,A,,A,,A,,A,,A,,A,,A,
20,129020,R,3083,R,6,R,3077,R,2235,R,73,R,2606,R,85,R,0,R,3077,R,42,R,8,R,2648,R,86,A,,A,,A,,A,,A,,A,,A,,A,,A,,A,,A,,A,,A,
20,130794,R,1355,R,1,R,1354,R,1187,R,88,R,1308,R,97,R,0,R,1354,R,13,R,1,R,1321,R,98,A,,A,,A,,A,,A,,A,,A,,A,,A,,A,,A,,A,,A,
20,130943,R,3806,R,0,R,3806,R,2749,R,72,R,3164,R,83,R,3,R,3803,R,41,R,8,R,3205,R,84,A,,A,,A,,A,,A,,A,,A,,A,,A,,A,,A,,A,,A,
20,131159,R,1596,R,0,R,1596,R,1217,R,76,R,1274,R,80,R,0,R,1596,R,2,R,0,R,1276,R,80,A,,A,,A,,A,,A,,A,,A,,A,,A,,A,,A,,A,,A,
20,131469,R,2371,R,12,R,2359,R,1742,R,74,R,1936,R,82,R,0,R,2359,R,12,R,4,R,1948,R,83,A,,A,,A,,A,,A,,A,,A,,A,,A,,A,,A,,A,,A,
20,131496,R,1566,R,0,R,1566,R,1400,R,89,R,1474,R,94,R,0,R,1566,R,7,R,2,R,1481,R,95,A,,A,,A,,A,,A,,A,,A,,A,,A,,A,,A,,A,,A,
20,131520,R,1376,R,0,R,1376,R,627,R,46,R,859,R,62,R,0,R,1376,R,26,R,11,R,885,R,64,A,,A,,A,,A,,A,,A,,A,,A,,A,,A,,A,,A,,A,
20,133951,R,4111,R,3,R,4108,R,1156,R,28,R,2374,R,58,R,30,R,4078,R,193,R,100,R,2567,R,63,A,,A,,A,,A,,A,,A,,A,,A,,A,,A,,A,,A,,A,
20,134097,R,5749,R,2,R,5747,R,3794,R,66,R,4763,R,83,R,0,R,5747,R,42,R,14,R,4805,R,84,A,,A,,A,,A,,A,,A,,A,,A,,A,,A,,A,,A,,A,
20,134130,R,6160,R,2,R,6158,R,4208,R,68,R,5462,R,89,R,0,R,6158,R,58,R,20,R,5520,R,90,A,,A,,A,,A,,A,,A,,A,,A,,A,,A,,A,,A,,A,
20,135726,R,1987,R,6,R,1981,R,1382,R,70,R,1622,R,82,R,0,R,1981,R,19,R,4,R,1641,R,83,A,,A,,A,,A,,A,,A,,A,,A,,A,,A,,A,,A,,A,
20,137351,R,4482,R,1,R,4481,R,2330,R,52,R,3208,R,72,R,0,R,4481,R,92,R,168,R,3300,R,74,A,,A,,A,,A,,A,,A,,A,,A,,A,,A,,A,,A,,A,
20,139658,R,1363,R,7,R,1356,R,1122,R,83,R,1222,R,90,R,-4,R,1360,R,13,R,2,R,1235,R,91,A,,A,,A,,A,,A,,A,,A,,A,,A,,A,,A,,A,,A,
20,139755,R,3042,R,0,R,3042,R,1218,R,40,R,2657,R,87,Z,0,R,3042,R,60,R,10,R,2717,R,89,A,,A,,A,,A,,A,,A,,A,,A,,A,,A,,A,,A,,A,
20,139959,R,4922,R,0,R,4922,R,3207,R,65,R,4169,R,85,R,0,R,4922,R,55,R,13,R,4224,R,86,A,,A,,A,,A,,A,,A,,A,,A,,A,,A,,A,,A,,A,
20,144050,R,1526,R,1,R,1525,R,1356,R,89,R,1436,R,94,R,0,R,1525,R,9,R,17,R,1445,R,95,A,,A,,A,,A,,A,,A,,A,,A,,A,,A,,A,,A,,A,
20,145600,R,3101,R,8,R,3093,R,1047,R,34,R,1836,R,59,R,0,R,3093,R,66,R,22,R,1902,R,61,A,,A,,A,,A,,A,,A,,A,,A,,A,,A,,A,,A,,A,
20,145637,R,6914,R,8,R,6906,R,4822,R,70,R,5824,R,84,R,0,R,6906,R,86,R,18,R,5910,R,86,A,,A,,A,,A,,A,,A,,A,,A,,A,,A,,A,,A,,A,
20,147767,R,2037,R,3,R,2034,R,1709,R,84,R,1925,R,95,R,0,R,2034,R,20,R,2,R,1945,R,96,A,,A,,A,,A,,A,,A,,A,,A,,A,,A,,A,,A,,A,
20,151351,R,7574,R,5,R,7569,R,4843,R,64,R,5903,R,78,R,0,R,7569,R,135,R,49,R,6038,R,80,A,,A,,A,,A,,A,,A,,A,,A,,A,,A,,A,,A,,A,
20,152080,R,2014,R,7,R,2007,R,1836,R,91,R,1946,R,97,R,0,R,2007,R,2,R,2,R,1948,R,97,A,,A,,A,,A,,A,,A,,A,,A,,A,,A,,A,,A,,A,
20,160472,A,,A,,A,,A,,A,,A,,A,,A,,A,,A,,A,,A,,A,,R,28,R,0,R,28,R,10,R,36,R,20,R,71,Z,0,R,28,R,0,Z,0,R,20,R,71
20,160755,R,1641,R,2,R,1639,R,1228,R,75,R,1399,R,85,Z,0,R,1639,R,8,R,4,R,1407,R,86,A,,A,,A,,A,,A,,A,,A,,A,,A,,A,,A,,A,,A,
20,162928,R,1391,R,7,R,1384,R,1204,R,87,R,1287,R,93,Z,0,R,1384,R,7,R,2,R,1294,R,93,A,,A,,A,,A,,A,,A,,A,,A,,A,,A,,A,,A,,A,
20,163286,R,3889,R,0,R,3889,R,2735,R,70,R,3356,R,86,R,0,R,3889,R,46,R,10,R,3402,R,87,A,,A,,A,,A,,A,,A,,A,,A,,A,,A,,A,,A,,A,
20,164924,R,2288,R,4,R,2284,R,2017,R,88,R,2099,R,92,R,0,R,2284,R,14,R,0,R,2113,R,93,A,,A,,A,,A,,A,,A,,A,,A,,A,,A,,A,,A,,A,
20,164988,R,3877,R,6,R,3871,R,3235,R,84,R,3413,R,88,R,1,R,3870,R,11,R,5,R,3424,R,88,A,,A,,A,,A,,A,,A,,A,,A,,A,,A,,A,,A,,A,
20,165015,R,820,R,0,R,820,R,657,R,80,R,722,R,88,R,0,R,820,R,3,R,2,R,725,R,88,A,,A,,A,,A,,A,,A,,A,,A,,A,,A,,A,,A,,A,
20,166027,R,1662,R,0,R,1662,R,1441,R,87,R,1624,R,98,R,1,R,1661,R,8,R,5,R,1632,R,98,A,,A,,A,,A,,A,,A,,A,,A,,A,,A,,A,,A,,A,
20,166629,R,4585,R,11,R,4574,R,3235,R,71,R,3667,R,80,R,0,R,4574,R,37,R,8,R,3704,R,81,A,,A,,A,,A,,A,,A,,A,,A,,A,,A,,A,,A,,A,
20,166683,R,1135,R,4,R,1131,R,963,R,85,R,1065,R,94,R,0,R,1131,R,19,R,3,R,1084,R,96,A,,A,,A,,A,,A,,A,,A,,A,,A,,A,,A,,A,,A,
20,167358,R,2664,R,3,R,2661,Z,0,R,0,R,2345,R,88,R,3,R,2658,R,15,R,3,R,2360,R,89,A,,A,,A,,A,,A,,A,,A,,A,,A,,A,,A,,A,,A,
20,168148,R,1309,R,2,R,1307,R,1133,R,87,R,1210,R,93,R,0,R,1307,R,8,R,0,R,1218,R,93,A,,A,,A,,A,,A,,A,,A,,A,,A,,A,,A,,A,,A,
20,168421,R,948,R,0,R,948,R,776,R,82,R,829,R,87,R,0,R,948,R,7,R,2,R,836,R,88,A,,A,,A,,A,,A,,A,,A,,A,,A,,A,,A,,A,,A,
20,170976,R,6124,R,5,R,6119,R,4837,R,79,R,5623,R,92,R,0,R,6119,R,54,R,10,R,5677,R,93,A,,A,,A,,A,,A,,A,,A,,A,,A,,A,,A,,A,,A,
20,171100,R,8091,R,4,R,8087,R,4324,R,53,R,6474,R,80,R,0,R,8087,R,131,R,35,R,6605,R,82,A,,A,,A,,A,,A,,A,,A,,A,,A,,A,,A,,A,,A,
20,174066,R,5496,R,0,R,5496,R,3598,R,65,R,4407,R,80,R,0,R,5496,R,78,R,41,R,4485,R,82,A,,A,,A,,A,,A,,A,,A,,A,,A,,A,,A,,A,,A,
20,179867,R,1617,R,6,R,1611,R,1411,R,88,R,1528,R,95,R,0,R,1611,R,8,R,2,R,1536,R,95,A,,A,,A,,A,,A,,A,,A,,A,,A,,A,,A,,A,,A,
20,182670,R,1095,R,1,R,1094,R,945,R,86,R,1041,R,95,R,0,R,1094,R,9,R,2,R,1050,R,96,A,,A,,A,,A,,A,,A,,A,,A,,A,,A,,A,,A,,A,
20,185828,R,935,R,4,R,931,R,272,R,29,R,607,R,65,R,0,R,931,R,41,R,12,R,648,R,70,A,,A,,A,,A,,A,,A,,A,,A,,A,,A,,A,,A,,A,
20,186131,R,1357,R,2,R,1355,R,1184,R,87,R,1306,R,96,R,0,R,1355,R,10,R,3,R,1316,R,97,A,,A,,A,,A,,A,,A,,A,,A,,A,,A,,A,,A,,A,
20,186371,R,481,R,0,R,481,R,150,R,31,R,279,R,58,R,0,R,481,R,16,R,5,R,295,R,61,A,,A,,A,,A,,A,,A,,A,,A,,A,,A,,A,,A,,A,
20,186380,R,5916,R,6,R,5910,R,3625,R,61,R,4751,R,80,R,1,R,5909,R,105,R,42,R,4856,R,82,A,,A,,A,,A,,A,,A,,A,,A,,A,,A,,A,,A,,A,
20,186399,R,1050,R,2,R,1048,R,356,R,34,R,673,R,64,R,0,R,1048,R,41,R,8,R,714,R,68,A,,A,,A,,A,,A,,A,,A,,A,,A,,A,,A,,A,,A,
20,186867,R,614,R,0,R,614,R,274,R,45,R,537,R,87,R,0,R,614,R,3,R,1,R,540,R,88,A,,A,,A,,A,,A,,A,,A,,A,,A,,A,,A,,A,,A,
20,190415,R,3217,R,3,R,3214,R,2841,R,88,R,3038,R,95,R,0,R,3214,R,24,R,3,R,3062,R,95,A,,A,,A,,A,,A,,A,,A,,A,,A,,A,,A,,A,,A,
20,191241,R,1855,R,2,R,1853,R,1463,R,79,R,1544,R,83,R,0,R,1853,R,10,R,0,R,1554,R,84,A,,A,,A,,A,,A,,A,,A,,A,,A,,A,,A,,A,,A,
20,193900,R,5536,R,7,R,5529,R,4229,R,76,R,4713,R,85,R,0,R,5529,R,51,R,6,R,4764,R,86,A,,A,,A,,A,,A,,A,,A,,A,,A,,A,,A,,A,,A,
20,194824,R,1326,R,0,R,1326,R,816,R,62,R,1143,R,86,R,0,R,1326,R,10,R,2,R,1153,R,87,A,,A,,A,,A,,A,,A,,A,,A,,A,,A,,A,,A,,A,
20,195003,R,2500,R,5,R,2495,R,696,R,28,R,1749,R,70,R,2,R,2493,R,39,R,7,R,1788,R,72,A,,A,,A,,A,,A,,A,,A,,A,,A,,A,,A,,A,,A,
20,195030,R,1343,R,2,R,1341,R,1044,R,78,R,1155,R,86,R,2,R,1339,R,14,R,5,R,1169,R,87,A,,A,,A,,A,,A,,A,,A,,A,,A,,A,,A,,A,,A,
20,196079,R,2568,R,0,R,2568,R,1856,R,72,R,2091,R,81,R,0,R,2568,R,6,R,7,R,2097,R,82,A,,A,,A,,A,,A,,A,,A,,A,,A,,A,,A,,A,,A,
20,196088,R,3425,R,2,R,3423,R,2066,R,60,R,2585,R,76,R,0,R,3423,R,65,R,20,R,2650,R,77,A,,A,,A,,A,,A,,A,,A,,A,,A,,A,,A,,A,,A,
20,196097,R,2674,R,0,R,2674,R,1462,R,55,R,1973,R,74,R,0,R,2674,R,44,R,10,R,2017,R,75,A,,A,,A,,A,,A,,A,,A,,A,,A,,A,,A,,A,,A,
20,196413,R,3381,R,16,R,3365,R,2400,R,71,R,2788,R,83,R,0,R,3365,R,14,R,6,R,2802,R,83,A,,A,,A,,A,,A,,A,,A,,A,,A,,A,,A,,A,,A,
20,197708,R,587,R,1,R,586,R,467,R,80,R,487,R,83,Z,0,R,586,R,6,R,0,R,493,R,84,A,,A,,A,,A,,A,,A,,A,,A,,A,,A,,A,,A,,A,
20,198419,R,1714,R,2,R,1712,R,1497,R,87,R,1637,R,96,R,0,R,1712,R,5,R,3,R,1642,R,96,A,,A,,A,,A,,A,,A,,A,,A,,A,,A,,A,,A,,A,
20,199120,R,3914,R,1,R,3913,R,3224,R,82,R,3496,R,89,R,0,R,3913,R,32,R,10,R,3528,R,90,A,,A,,A,,A,,A,,A,,A,,A,,A,,A,,A,,A,,A,
20,199193,R,4218,R,2,R,4216,R,2290,R,54,R,3435,R,81,R,1,R,4215,R,56,R,18,R,3491,R,83,A,,A,,A,,A,,A,,A,,A,,A,,A,,A,,A,,A,,A,
20,199847,R,1234,R,2,R,1232,R,1042,R,85,R,1092,R,89,Z,0,R,1232,R,3,R,0,R,1095,R,89,A,,A,,A,,A,,A,,A,,A,,A,,A,,A,,A,,A,,A,
20,201645,R,1371,R,2,R,1369,R,886,R,65,R,1163,R,85,R,0,R,1369,R,8,R,5,R,1171,R,86,A,,A,,A,,A,,A,,A,,A,,A,,A,,A,,A,,A,,A,
20,204796,R,7204,R,0,R,7204,R,4237,R,59,R,6005,R,83,R,0,R,7204,R,104,R,35,R,6109,R,85,A,,A,,A,,A,,A,,A,,A,,A,,A,,A,,A,,A,,A,
20,211440,R,1408,R,1,R,1407,R,1054,R,75,R,1250,R,89,R,0,R,1407,R,20,R,2,R,1270,R,90,A,,A,,A,,A,,A,,A,,A,,A,,A,,A,,A,,A,,A,
20,212054,R,3013,R,2,R,3011,R,763,R,25,R,2215,R,74,R,0,R,3011,R,24,R,3,R,2239,R,74,A,,A,,A,,A,,A,,A,,A,,A,,A,,A,,A,,A,,A,
20,213543,R,1217,R,1,R,1216,R,881,R,72,R,1063,R,87,R,0,R,1216,R,7,R,3,R,1070,R,88,A,,A,,A,,A,,A,,A,,A,,A,,A,,A,,A,,A,,A,
20,215062,R,2397,R,3,R,2394,R,2040,R,85,R,2286,R,95,R,0,R,2394,R,26,R,4,R,2312,R,97,A,,A,,A,,A,,A,,A,,A,,A,,A,,A,,A,,A,,A,
20,215293,R,3638,R,6,R,3632,R,2365,R,65,R,2997,R,83,R,0,R,3632,R,33,R,7,R,3030,R,83,A,,A,,A,,A,,A,,A,,A,,A,,A,,A,,A,,A,,A,
20,216597,R,1641,R,2,R,1639,R,1428,R,87,R,1490,R,91,R,0,R,1639,R,4,R,0,R,1494,R,91,A,,A,,A,,A,,A,,A,,A,,A,,A,,A,,A,,A,,A,
20,217156,R,1536,R,3,R,1533,R,1298,R,85,R,1457,R,95,R,0,R,1533,R,13,R,1,R,1470,R,96,A,,A,,A,,A,,A,,A,,A,,A,,A,,A,,A,,A,,A,
20,217882,R,3435,R,2,R,3433,R,2036,R,59,R,2848,R,83,R,0,R,3433,R,53,R,15,R,2901,R,85,A,,A,,A,,A,,A,,A,,A,,A,,A,,A,,A,,A,,A,
20,217925,R,101,R,0,R,101,R,61,R,60,R,65,R,64,Z,0,R,101,R,0,Z,0,R,65,R,64,A,,A,,A,,A,,A,,A,,A,,A,,A,,A,,A,,A,,A,
20,221999,R,1608,R,7,R,1601,R,1429,R,89,R,1499,R,94,R,0,R,1601,R,7,R,1,R,1506,R,94,A,,A,,A,,A,,A,,A,,A,,A,,A,,A,,A,,A,,A,
20,223232,R,3253,R,2,R,3251,R,2040,R,63,R,2571,R,79,R,1,R,3250,R,16,R,3,R,2587,R,80,A,,A,,A,,A,,A,,A,,A,,A,,A,,A,,A,,A,,A,
20,227757,R,931,R,4,R,927,R,793,R,86,R,878,R,95,R,0,R,927,R,4,R,0,R,882,R,95,A,,A,,A,,A,,A,,A,,A,,A,,A,,A,,A,,A,,A,
20,228246,R,1425,R,0,R,1425,R,964,R,68,R,1111,R,78,R,0,R,1425,R,10,R,1,R,1121,R,79,A,,A,,A,,A,,A,,A,,A,,A,,A,,A,,A,,A,,A,
20,228723,R,7685,R,0,R,7685,R,4239,R,55,R,6296,R,82,R,0,R,7685,R,104,R,0,R,6400,R,83,A,,A,,A,,A,,A,,A,,A,,A,,A,,A,,A,,A,,A,
20,228778,R,8034,R,0,R,8034,R,4892,R,61,R,6649,R,83,Z,0,R,8034,R,74,R,28,R,6723,R,84,A,,A,,A,,A,,A,,A,,A,,A,,A,,A,,A,,A,,A,
20,228875,R,1849,R,0,R,1849,R,1280,R,69,R,1527,R,83,R,0,R,1849,R,4,R,1,R,1531,R,83,A,,A,,A,,A,,A,,A,,A,,A,,A,,A,,A,,A,,A,
20,231624,R,1465,R,2,R,1463,R,1246,R,85,R,1333,R,91,R,0,R,1463,R,12,R,3,R,1345,R,92,A,,A,,A,,A,,A,,A,,A,,A,,A,,A,,A,,A,,A,
20,234076,R,3394,R,3,R,3391,R,3017,R,89,R,3198,R,94,R,0,R,3391,R,9,R,5,R,3207,R,95,A,,A,,A,,A,,A,,A,,A,,A,,A,,A,,A,,A,,A,
20,236948,R,6003,R,1,R,6002,R,3961,R,66,R,4972,R,83,R,0,R,6002,R,70,R,22,R,5042,R,84,A,,A,,A,,A,,A,,A,,A,,A,,A,,A,,A,,A,,A,
20,239105,R,1927,R,0,R,1927,R,1285,R,67,R,1632,R,85,R,0,R,1927,R,9,R,2,R,1641,R,85,A,,A,,A,,A,,A,,A,,A,,A,,A,,A,,A,,A,,A,
20,240444,R,6275,R,0,R,6275,R,3814,R,61,R,5473,R,87,R,0,R,6275,R,66,R,19,R,5539,R,88,A,,A,,A,,A,,A,,A,,A,,A,,A,,A,,A,,A,,A,
20,243744,R,1762,R,0,R,1762,R,1319,R,75,R,1663,R,94,Z,0,R,1762,R,41,R,7,R,1704,R,97,A,,A,,A,,A,,A,,A,,A,,A,,A,,A,,A,,A,,A,
20,243780,R,6428,R,3,R,6425,R,3557,R,55,R,5178,R,81,R,0,R,6425,R,101,R,17,R,5279,R,82,A,,A,,A,,A,,A,,A,,A,,A,,A,,A,,A,,A,,A,
20,445188,R,1492,R,3,R,1489,R,565,R,38,R,985,R,66,Z,0,R,1489,R,28,R,4,R,1013,R,68,A,,A,,A,,A,,A,,A,,A,,A,,A,,A,,A,,A,,A,
21,100858,R,3696,R,5,R,3691,R,1865,R,51,R,2920,R,79,R,0,R,3691,R,61,R,17,R,2981,R,81,A,,A,,A,,A,,A,,A,,A,,A,,A,,A,,A,,A,,A,
21,110404,R,249,R,0,R,249,R,210,R,84,R,233,R,94,R,0,R,249,R,3,R,0,R,236,R,95,A,,A,,A,,A,,A,,A,,A,,A,,A,,A,,A,,A,,A,
21,110635,R,4677,R,0,R,4677,R,3554,R,76,R,4331,R,93,R,0,R,4677,R,82,R,14,R,4413,R,94,A,,A,,A,,A,,A,,A,,A,,A,,A,,A,,A,,A,,A,
21,110644,R,5072,R,2,R,5070,R,3201,R,63,R,4394,R,87,R,0,R,5070,R,87,R,13,R,4481,R,88,A,,A,,A,,A,,A,,A,,A,,A,,A,,A,,A,,A,,A,
21,110653,R,5449,R,0,R,5449,R,3774,R,69,R,4599,R,84,R,2,R,5447,R,58,R,11,R,4657,R,85,A,,A,,A,,A,,A,,A,,A,,A,,A,,A,,A,,A,,A,
21,110662,R,5684,R,0,R,5684,R,4523,R,80,R,5201,R,92,R,0,R,5684,R,52,R,10,R,5253,R,92,A,,A,,A,,A,,A,,A,,A,,A,,A,,A,,A,,A,,A,
21,110671,R,4185,R,1,R,4184,R,2343,R,56,R,3179,R,76,R,0,R,4184,R,60,R,14,R,3239,R,77,A,,A,,A,,A,,A,,A,,A,,A,,A,,A,,A,,A,,A,
21,110680,R,5217,R,0,R,5217,R,3398,R,65,R,4552,R,87,R,0,R,5217,R,97,R,18,R,4649,R,89,A,,A,,A,,A,,A,,A,,A,,A,,A,,A,,A,,A,,A,
21,110705,R,4597,R,0,R,4597,R,3112,R,68,R,3833,R,83,Z,0,R,4597,R,56,R,12,R,3889,R,85,A,,A,,A,,A,,A,,A,,A,,A,,A,,A,,A,,A,,A,
21,110714,R,3295,R,5,R,3290,R,1712,R,52,R,2468,R,75,R,0,R,3290,R,69,R,14,R,2537,R,77,A,,A,,A,,A,,A,,A,,A,,A,,A,,A,,A,,A,,A,
21,121150,R,783,R,0,R,783,R,619,R,79,R,674,R,86,Z,0,R,783,R,2,R,1,R,676,R,86,A,,A,,A,,A,,A,,A,,A,,A,,A,,A,,A,,A,,A,
21,122931,R,1291,R,0,R,1291,R,1118,R,87,R,1177,R,91,R,0,R,1291,R,8,R,2,R,1185,R,92,A,,A,,A,,A,,A,,A,,A,,A,,A,,A,,A,,A,,A,
21,123961,R,2915,R,7,R,2908,R,2255,R,78,R,2657,R,91,R,0,R,2908,R,33,R,12,R,2690,R,93,A,,A,,A,,A,,A,,A,,A,,A,,A,,A,,A,,A,,A,
21,126614,R,5791,R,21,R,5770,R,2682,R,46,R,3985,R,69,R,0,R,5770,R,127,R,33,R,4112,R,71,A,,A,,A,,A,,A,,A,,A,,A,,A,,A,,A,,A,,A,
21,126775,R,954,R,0,R,954,R,594,R,62,R,791,R,83,Z,0,R,954,R,14,R,2,R,805,R,84,A,,A,,A,,A,,A,,A,,A,,A,,A,,A,,A,,A,,A,
21,129020,R,3712,R,6,R,3706,R,2701,R,73,R,3133,R,85,Z,0,R,3706,R,35,R,7,R,3168,R,85,A,,A,,A,,A,,A,,A,,A,,A,,A,,A,,A,,A,,A,
21,130794,R,1358,R,1,R,1357,R,1191,R,88,R,1319,R,97,R,0,R,1357,R,6,R,2,R,1325,R,98,A,,A,,A,,A,,A,,A,,A,,A,,A,,A,,A,,A,,A,
21,130943,R,3794,R,0,R,3794,R,2726,R,72,R,3117,R,82,R,1,R,3793,R,38,R,8,R,3155,R,83,A,,A,,A,,A,,A,,A,,A,,A,,A,,A,,A,,A,,A,
21,131159,R,1624,R,0,R,1624,R,1222,R,75,R,1280,R,79,R,0,R,1624,R,2,R,3,R,1282,R,79,A,,A,,A,,A,,A,,A,,A,,A,,A,,A,,A,,A,,A,
21,131469,R,2348,R,8,R,2340,R,1769,R,76,R,1923,R,82,R,0,R,2340,R,28,R,3,R,1951,R,83,A,,A,,A,,A,,A,,A,,A,,A,,A,,A,,A,,A,,A,
21,131496,R,1593,R,2,R,1591,R,1443,R,91,R,1510,R,95,R,0,R,1591,R,8,R,1,R,1518,R,95,A,,A,,A,,A,,A,,A,,A,,A,,A,,A,,A,,A,,A,
21,131520,R,1576,R,0,R,1576,R,822,R,52,R,1024,R,65,R,0,R,1576,R,11,R,8,R,1035,R,66,A,,A,,A,,A,,A,,A,,A,,A,,A,,A,,A,,A,,A,
21,133951,R,4301,R,39,R,4262,R,1430,R,34,R,2643,R,62,R,0,R,4262,R,208,R,92,R,2851,R,67,A,,A,,A,,A,,A,,A,,A,,A,,A,,A,,A,,A,,A,
21,134097,R,6096,R,4,R,6092,R,4166,R,68,R,5061,R,83,R,0,R,6092,R,42,R,23,R,5103,R,84,A,,A,,A,,A,,A,,A,,A,,A,,A,,A,,A,,A,,A,
21,134130,R,6261,R,1,R,6260,R,4176,R,67,R,5536,R,88,R,0,R,6260,R,58,R,15,R,5594,R,89,A,,A,,A,,A,,A,,A,,A,,A,,A,,A,,A,,A,,A,
21,135726,R,2113,R,3,R,2110,R,1538,R,73,R,1753,R,83,R,0,R,2110,R,9,R,5,R,1762,R,84,A,,A,,A,,A,,A,,A,,A,,A,,A,,A,,A,,A,,A,
21,137351,R,4477,R,2,R,4475,R,2569,R,57,R,3300,R,74,R,0,R,4475,R,89,R,163,R,3389,R,76,A,,A,,A,,A,,A,,A,,A,,A,,A,,A,,A,,A,,A,
21,139658,R,1354,R,13,R,1341,R,1097,R,82,R,1207,R,90,R,-10,R,1351,R,19,R,4,R,1226,R,91,A,,A,,A,,A,,A,,A,,A,,A,,A,,A,,A,,A,,A,
21,139755,R,2670,R,0,R,2670,R,1217,R,46,R,2398,R,90,Z,0,R,2670,R,48,R,12,R,2446,R,92,A,,A,,A,,A,,A,,A,,A,,A,,A,,A,,A,,A,,A,
21,139959,R,5218,R,0,R,5218,R,3413,R,65,R,4498,R,86,Z,0,R,5218,R,54,R,11,R,4552,R,87,A,,A,,A,,A,,A,,A,,A,,A,,A,,A,,A,,A,,A,
21,144050,R,1426,R,2,R,1424,R,1279,R,90,R,1349,R,95,R,0,R,1424,R,6,R,15,R,1355,R,95,A,,A,,A,,A,,A,,A,,A,,A,,A,,A,,A,,A,,A,
21,145600,R,3079,R,5,R,3074,R,1052,R,34,R,1860,R,61,R,0,R,3074,R,63,R,25,R,1923,R,63,A,,A,,A,,A,,A,,A,,A,,A,,A,,A,,A,,A,,A,
21,145637,R,7321,R,5,R,7316,R,5105,R,70,R,6228,R,85,R,1,R,7315,R,121,R,9,R,6349,R,87,A,,A,,A,,A,,A,,A,,A,,A,,A,,A,,A,,A,,A,
21,147767,R,2040,R,6,R,2034,R,1702,R,84,R,1907,R,94,R,0,R,2034,R,16,R,2,R,1923,R,95,A,,A,,A,,A,,A,,A,,A,,A,,A,,A,,A,,A,,A,
21,151351,R,7572,R,8,R,7564,R,5051,R,67,R,5971,R,79,R,0,R,7564,R,99,R,34,R,6070,R,80,A,,A,,A,,A,,A,,A,,A,,A,,A,,A,,A,,A,,A,
21,152080,R,2069,R,6,R,2063,R,1881,R,91,R,1978,R,96,R,0,R,2063,R,2,R,0,R,1980,R,96,A,,A,,A,,A,,A,,A,,A,,A,,A,,A,,A,,A,,A,
21,160472,A,,A,,A,,A,,A,,A,,A,,A,,A,,A,,A,,A,,A,,R,28,R,0,R,28,R,2,R,7,R,21,R,75,Z,0,R,28,R,0,Z,0,R,21,R,75
21,160755,R,1609,R,6,R,1603,R,1238,R,77,R,1382,R,86,R,0,R,1603,R,9,R,2,R,1391,R,87,A,,A,,A,,A,,A,,A,,A,,A,,A,,A,,A,,A,,A,
21,162928,R,1390,R,4,R,1386,R,1200,R,87,R,1287,R,93,Z,0,R,1386,R,11,R,2,R,1298,R,94,A,,A,,A,,A,,A,,A,,A,,A,,A,,A,,A,,A,,A,
21,163286,R,4011,R,6,R,4005,R,2782,R,69,R,3487,R,87,R,0,R,4005,R,19,R,7,R,3506,R,88,A,,A,,A,,A,,A,,A,,A,,A,,A,,A,,A,,A,,A,
21,164924,R,2305,R,7,R,2298,R,2069,R,90,R,2161,R,94,R,0,R,2298,R,9,R,1,R,2170,R,94,A,,A,,A,,A,,A,,A,,A,,A,,A,,A,,A,,A,,A,
21,164988,R,3807,R,7,R,3800,R,3177,R,84,R,3361,R,88,R,0,R,3800,R,15,R,2,R,3376,R,89,A,,A,,A,,A,,A,,A,,A,,A,,A,,A,,A,,A,,A,
21,165015,R,832,R,0,R,832,R,678,R,81,R,726,R,87,R,0,R,832,R,4,R,0,R,730,R,88,A,,A,,A,,A,,A,,A,,A,,A,,A,,A,,A,,A,,A,
21,166027,R,1656,R,2,R,1654,R,1402,R,85,R,1606,R,97,R,0,R,1654,R,16,R,3,R,1622,R,98,A,,A,,A,,A,,A,,A,,A,,A,,A,,A,,A,,A,,A,
21,166629,R,4618,R,11,R,4607,R,3415,R,74,R,3783,R,82,R,-1,R,4608,R,39,R,8,R,3822,R,83,A,,A,,A,,A,,A,,A,,A,,A,,A,,A,,A,,A,,A,
21,166683,R,1116,R,8,R,1108,R,963,R,87,R,1057,R,95,R,0,R,1108,R,17,R,4,R,1074,R,97,A,,A,,A,,A,,A,,A,,A,,A,,A,,A,,A,,A,,A,
21,167358,R,2891,R,5,R,2886,Z,0,R,0,R,2572,R,89,R,0,R,2886,R,20,R,2,R,2592,R,90,A,,A,,A,,A,,A,,A,,A,,A,,A,,A,,A,,A,,A,
21,168148,R,1307,R,0,R,1307,R,1154,R,88,R,1232,R,94,R,0,R,1307,R,8,R,0,R,1240,R,95,A,,A,,A,,A,,A,,A,,A,,A,,A,,A,,A,,A,,A,
21,168421,R,1103,R,1,R,1102,R,907,R,82,R,983,R,89,R,0,R,1102,R,11,R,1,R,994,R,90,A,,A,,A,,A,,A,,A,,A,,A,,A,,A,,A,,A,,A,
21,170976,R,6176,R,2,R,6174,R,4941,R,80,R,5757,R,93,R,0,R,6174,R,62,R,7,R,5819,R,94,A,,A,,A,,A,,A,,A,,A,,A,,A,,A,,A,,A,,A,
21,171100,R,7788,R,6,R,7782,R,4343,R,56,R,6292,R,81,R,1,R,7781,R,139,R,23,R,6431,R,83,A,,A,,A,,A,,A,,A,,A,,A,,A,,A,,A,,A,,A,
21,174066,R,5530,R,0,R,5530,R,3801,R,69,R,4585,R,83,R,1,R,5529,R,85,R,29,R,4670,R,84,A,,A,,A,,A,,A,,A,,A,,A,,A,,A,,A,,A,,A,
21,179867,R,1596,R,10,R,1586,R,1411,R,89,R,1501,R,95,R,-10,R,1596,R,18,R,4,R,1519,R,95,A,,A,,A,,A,,A,,A,,A,,A,,A,,A,,A,,A,,A,
21,182670,R,1112,R,3,R,1109,R,963,R,87,R,1056,R,95,R,0,R,1109,R,8,R,5,R,1064,R,96,A,,A,,A,,A,,A,,A,,A,,A,,A,,A,,A,,A,,A,
21,185828,R,957,R,9,R,948,R,354,R,37,R,637,R,67,R,0,R,948,R,28,R,13,R,665,R,70,A,,A,,A,,A,,A,,A,,A,,A,,A,,A,,A,,A,,A,
21,186131,R,1285,R,1,R,1284,R,1153,R,90,R,1257,R,98,Z,0,R,1284,R,1,R,5,R,1258,R,98,A,,A,,A,,A,,A,,A,,A,,A,,A,,A,,A,,A,,A,
21,186371,R,494,R,0,R,494,R,166,R,34,R,319,R,65,R,0,R,494,R,11,R,2,R,330,R,67,A,,A,,A,,A,,A,,A,,A,,A,,A,,A,,A,,A,,A,
21,186380,R,6184,R,7,R,6177,R,3996,R,65,R,5169,R,84,R,0,R,6177,R,95,R,30,R,5264,R,85,A,,A,,A,,A,,A,,A,,A,,A,,A,,A,,A,,A,,A,
21,186399,R,985,R,1,R,984,R,398,R,40,R,679,R,69,R,0,R,984,R,33,R,7,R,712,R,72,A,,A,,A,,A,,A,,A,,A,,A,,A,,A,,A,,A,,A,
21,186867,R,622,R,0,R,622,R,284,R,46,R,527,R,85,R,0,R,622,R,2,R,0,R,529,R,85,A,,A,,A,,A,,A,,A,,A,,A,,A,,A,,A,,A,,A,
21,190415,R,3223,R,7,R,3216,R,2796,R,87,R,3040,R,95,Z,0,R,3216,R,30,R,4,R,3070,R,95,A,,A,,A,,A,,A,,A,,A,,A,,A,,A,,A,,A,,A,
21,191241,R,1944,R,3,R,1941,R,1519,R,78,R,1606,R,83,R,0,R,1941,R,8,R,0,R,1614,R,83,A,,A,,A,,A,,A,,A,,A,,A,,A,,A,,A,,A,,A,
21,193900,R,5522,R,12,R,5510,R,4208,R,76,R,4691,R,85,R,0,R,5510,R,67,R,10,R,4758,R,86,A,,A,,A,,A,,A,,A,,A,,A,,A,,A,,A,,A,,A,
21,194824,R,1411,R,1,R,1410,R,937,R,66,R,1194,R,85,R,0,R,1410,R,6,R,0,R,1200,R,85,A,,A,,A,,A,,A,,A,,A,,A,,A,,A,,A,,A,,A,
21,195003,R,2553,R,7,R,2546,R,624,R,25,R,1753,R,69,R,1,R,2545,R,41,R,11,R,1794,R,70,A,,A,,A,,A,,A,,A,,A,,A,,A,,A,,A,,A,,A,
21,195030,R,1472,R,5,R,1467,R,1174,R,80,R,1283,R,87,R,0,R,1467,R,10,R,3,R,1293,R,88,A,,A,,A,,A,,A,,A,,A,,A,,A,,A,,A,,A,,A,
21,196079,R,2566,R,18,R,2548,R,1823,R,72,R,2079,R,82,R,1,R,2547,R,21,R,3,R,2100,R,82,A,,A,,A,,A,,A,,A,,A,,A,,A,,A,,A,,A,,A,
21,196088,R,3443,R,5,R,3438,R,2040,R,59,R,2585,R,75,R,0,R,3438,R,33,R,11,R,2618,R,76,A,,A,,A,,A,,A,,A,,A,,A,,A,,A,,A,,A,,A,
21,196097,R,2708,R,1,R,2707,R,1600,R,59,R,2067,R,76,R,0,R,2707,R,32,R,12,R,2099,R,78,A,,A,,A,,A,,A,,A,,A,,A,,A,,A,,A,,A,,A,
21,196413,R,3476,R,11,R,3465,R,2500,R,72,R,2865,R,83,R,0,R,3465,R,31,R,9,R,2896,R,84,A,,A,,A,,A,,A,,A,,A,,A,,A,,A,,A,,A,,A,
21,197708,R,612,R,1,R,611,R,434,R,71,R,501,R,82,R,0,R,611,R,9,R,0,R,510,R,83,A,,A,,A,,A,,A,,A,,A,,A,,A,,A,,A,,A,,A,
21,198419,R,1729,R,1,R,1728,R,1526,R,88,R,1636,R,95,R,0,R,1728,R,10,R,2,R,1646,R,95,A,,A,,A,,A,,A,,A,,A,,A,,A,,A,,A,,A,,A,
21,199120,R,3943,R,2,R,3941,R,3304,R,84,R,3569,R,91,R,0,R,3941,R,41,R,12,R,3610,R,92,A,,A,,A,,A,,A,,A,,A,,A,,A,,A,,A,,A,,A,
21,199193,R,4159,R,1,R,4158,R,2389,R,57,R,3432,R,83,R,0,R,4158,R,52,R,14,R,3484,R,84,A,,A,,A,,A,,A,,A,,A,,A,,A,,A,,A,,A,,A,
21,199847,R,1230,R,1,R,1229,R,1031,R,84,R,1085,R,88,R,0,R,1229,R,5,R,1,R,1090,R,89,A,,A,,A,,A,,A,,A,,A,,A,,A,,A,,A,,A,,A,
21,201645,R,1251,R,3,R,1248,R,848,R,68,R,1053,R,84,R,1,R,1247,R,6,R,2,R,1059,R,85,A,,A,,A,,A,,A,,A,,A,,A,,A,,A,,A,,A,,A,
21,204796,R,7121,R,8,R,7113,R,4435,R,62,R,6101,R,86,R,0,R,7113,R,84,R,25,R,6185,R,87,A,,A,,A,,A,,A,,A,,A,,A,,A,,A,,A,,A,,A,
21,211440,R,1442,R,1,R,1441,R,1095,R,76,R,1304,R,90,R,0,R,1441,R,19,R,6,R,1323,R,92,A,,A,,A,,A,,A,,A,,A,,A,,A,,A,,A,,A,,A,
21,212054,R,3011,R,6,R,3005,R,777,R,26,R,2084,R,69,R,6,R,2999,R,42,R,0,R,2126,R,71,A,,A,,A,,A,,A,,A,,A,,A,,A,,A,,A,,A,,A,
21,213543,R,1198,R,1,R,1197,R,958,R,80,R,1075,R,90,Z,0,R,1197,R,8,R,2,R,1083,R,90,A,,A,,A,,A,,A,,A,,A,,A,,A,,A,,A,,A,,A,
21,215062,R,2353,R,2,R,2351,R,2015,R,86,R,2257,R,96,R,0,R,2351,R,23,R,2,R,2280,R,97,A,,A,,A,,A,,A,,A,,A,,A,,A,,A,,A,,A,,A,
21,215293,R,3851,R,7,R,3844,R,2514,R,65,R,3186,R,83,R,0,R,3844,R,29,R,12,R,3215,R,84,A,,A,,A,,A,,A,,A,,A,,A,,A,,A,,A,,A,,A,
21,216597,R,1659,R,0,R,1659,R,1448,R,87,R,1490,R,90,R,0,R,1659,R,3,R,0,R,1493,R,90,A,,A,,A,,A,,A,,A,,A,,A,,A,,A,,A,,A,,A,
21,217156,R,1542,R,5,R,1537,R,1283,R,83,R,1470,R,96,R,0,R,1537,R,10,R,2,R,1480,R,96,A,,A,,A,,A,,A,,A,,A,,A,,A,,A,,A,,A,,A,
21,217882,R,3286,R,3,R,3283,R,1971,R,60,R,2749,R,84,R,0,R,3283,R,38,R,12,R,2787,R,85,A,,A,,A,,A,,A,,A,,A,,A,,A,,A,,A,,A,,A,
21,217925,R,103,R,0,R,103,R,47,R,46,R,51,R,50,Z,0,R,103,R,0,Z,0,R,51,R,50,A,,A,,A,,A,,A,,A,,A,,A,,A,,A,,A,,A,,A,
21,221999,R,1613,R,6,R,1607,R,1414,R,88,R,1494,R,93,R,0,R,1607,R,2,R,1,R,1496,R,93,A,,A,,A,,A,,A,,A,,A,,A,,A,,A,,A,,A,,A,
21,223232,R,3189,R,4,R,3185,R,2006,R,63,R,2491,R,78,R,0,R,3185,R,25,R,4,R,2516,R,79,A,,A,,A,,A,,A,,A,,A,,A,,A,,A,,A,,A,,A,
21,227757,R,976,R,2,R,974,R,814,R,84,R,902,R,93,R,0,R,974,R,5,R,0,R,907,R,93,A,,A,,A,,A,,A,,A,,A,,A,,A,,A,,A,,A,,A,
21,228246,R,1428,R,0,R,1428,R,1024,R,72,R,1159,R,81,R,0,R,1428,R,9,R,1,R,1168,R,82,A,,A,,A,,A,,A,,A,,A,,A,,A,,A,,A,,A,,A,
21,228723,R,9018,R,0,R,9018,R,4955,R,55,R,7365,R,82,Z,0,R,9018,R,44,R,24,R,7409,R,82,A,,A,,A,,A,,A,,A,,A,,A,,A,,A,,A,,A,,A,
21,228778,R,7118,R,0,R,7118,R,4675,R,66,R,6094,R,86,R,0,R,7118,R,114,R,10,R,6208,R,87,A,,A,,A,,A,,A,,A,,A,,A,,A,,A,,A,,A,,A,
21,228875,R,1933,R,1,R,1932,R,1373,R,71,R,1595,R,83,Z,0,R,1932,R,11,R,1,R,1606,R,83,A,,A,,A,,A,,A,,A,,A,,A,,A,,A,,A,,A,,A,
21,231624,R,1479,R,4,R,1475,R,1254,R,85,R,1329,R,90,R,0,R,1475,R,7,R,3,R,1336,R,91,A,,A,,A,,A,,A,,A,,A,,A,,A,,A,,A,,A,,A,
21,234076,R,3516,R,3,R,3513,R,3132,R,89,R,3325,R,95,R,0,R,3513,R,12,R,9,R,3337,R,95,A,,A,,A,,A,,A,,A,,A,,A,,A,,A,,A,,A,,A,
21,236948,R,6228,R,2,R,6226,R,4094,R,66,R,5158,R,83,R,0,R,6226,R,75,R,13,R,5233,R,84,A,,A,,A,,A,,A,,A,,A,,A,,A,,A,,A,,A,,A,
21,239105,R,1989,R,0,R,1989,R,1267,R,64,R,1624,R,82,R,0,R,1989,R,7,R,1,R,1631,R,82,A,,A,,A,,A,,A,,A,,A,,A,,A,,A,,A,,A,,A,
21,240444,R,6323,R,0,R,6323,R,3934,R,62,R,5540,R,88,R,0,R,6323,R,77,R,18,R,5617,R,89,A,,A,,A,,A,,A,,A,,A,,A,,A,,A,,A,,A,,A,
21,243744,R,1674,R,0,R,1674,R,1220,R,73,R,1579,R,94,R,0,R,1674,R,37,R,9,R,1616,R,97,A,,A,,A,,A,,A,,A,,A,,A,,A,,A,,A,,A,,A,
21,243780,R,6373,R,6,R,6367,R,3715,R,58,R,5218,R,82,R,0,R,6367,R,107,R,11,R,5325,R,84,A,,A,,A,,A,,A,,A,,A,,A,,A,,A,,A,,A,,A,
21,445188,R,1653,R,3,R,1650,R,737,R,45,R,1146,R,69,R,0,R,1650,R,20,R,4,R,1166,R,71,A,,A,,A,,A,,A,,A,,A,,A,,A,,A,,A,,A,,A,
23,100858,R,4855,R,7,R,4848,R,2676,R,55,R,3921,R,81,R,0,R,4848,R,62,R,19,R,3983,R,82,A,,A,,A,,A,,A,,A,,A,,A,,A,,A,,A,,A,,A,
23,110404,R,241,R,1,R,240,R,207,R,86,R,223,R,93,R,0,R,240,R,6,R,0,R,229,R,95,A,,A,,A,,A,,A,,A,,A,,A,,A,,A,,A,,A,,A,
23,110635,R,5510,R,0,R,5510,R,4351,R,79,R,5114,R,93,R,0,R,5510,R,69,R,20,R,5183,R,94,A,,A,,A,,A,,A,,A,,A,,A,,A,,A,,A,,A,,A,
23,110644,R,5323,R,0,R,5323,R,3297,R,62,R,4628,R,87,R,0,R,5323,R,69,R,11,R,4697,R,88,A,,A,,A,,A,,A,,A,,A,,A,,A,,A,,A,,A,,A,
23,110653,R,5746,R,9,R,5737,R,3919,R,68,R,4800,R,84,R,0,R,5737,R,63,R,9,R,4863,R,85,A,,A,,A,,A,,A,,A,,A,,A,,A,,A,,A,,A,,A,
23,110662,R,5671,R,4,R,5667,R,4681,R,83,R,5221,R,92,R,0,R,5667,R,41,R,7,R,5262,R,93,A,,A,,A,,A,,A,,A,,A,,A,,A,,A,,A,,A,,A,
23,110671,R,4018,R,1,R,4017,R,2463,R,61,R,3071,R,76,R,0,R,4017,R,52,R,15,R,3123,R,78,A,,A,,A,,A,,A,,A,,A,,A,,A,,A,,A,,A,,A,
23,110680,R,5286,R,0,R,5286,R,3860,R,73,R,4723,R,89,R,0,R,5286,R,67,R,15,R,4790,R,91,A,,A,,A,,A,,A,,A,,A,,A,,A,,A,,A,,A,,A,
23,110705,R,4459,R,0,R,4459,R,3117,R,70,R,3807,R,85,Z,0,R,4459,R,40,R,7,R,3847,R,86,A,,A,,A,,A,,A,,A,,A,,A,,A,,A,,A,,A,,A,
23,110714,R,3607,R,2,R,3605,R,2177,R,60,R,2815,R,78,R,1,R,3604,R,40,R,3,R,2855,R,79,A,,A,,A,,A,,A,,A,,A,,A,,A,,A,,A,,A,,A,
23,121150,R,745,R,0,R,745,R,540,R,72,R,618,R,83,R,0,R,745,R,7,R,1,R,625,R,84,A,,A,,A,,A,,A,,A,,A,,A,,A,,A,,A,,A,,A,
23,122931,R,1260,R,0,R,1260,R,1071,R,85,R,1145,R,91,R,0,R,1260,R,6,R,1,R,1151,R,91,A,,A,,A,,A,,A,,A,,A,,A,,A,,A,,A,,A,,A,
23,123961,R,2946,R,12,R,2934,R,2319,R,79,R,2703,R,92,R,0,R,2934,R,20,R,6,R,2723,R,93,A,,A,,A,,A,,A,,A,,A,,A,,A,,A,,A,,A,,A,
23,126614,R,6179,R,16,R,6163,R,3270,R,53,R,4563,R,74,R,2,R,6161,R,77,R,18,R,4640,R,75,A,,A,,A,,A,,A,,A,,A,,A,,A,,A,,A,,A,,A,
23,126775,R,1003,R,0,R,1003,R,667,R,67,R,835,R,83,R,0,R,1003,R,9,R,3,R,844,R,84,A,,A,,A,,A,,A,,A,,A,,A,,A,,A,,A,,A,,A,
23,129020,R,3736,R,2,R,3734,R,2703,R,72,R,3104,R,83,R,0,R,3734,R,24,R,6,R,3128,R,84,A,,A,,A,,A,,A,,A,,A,,A,,A,,A,,A,,A,,A,
23,130794,R,1363,R,1,R,1362,R,1194,R,88,R,1320,R,97,R,0,R,1362,R,7,R,3,R,1327,R,97,A,,A,,A,,A,,A,,A,,A,,A,,A,,A,,A,,A,,A,
23,130943,R,4083,R,0,R,4083,R,2988,R,73,R,3419,R,84,R,0,R,4083,R,28,R,6,R,3447,R,84,A,,A,,A,,A,,A,,A,,A,,A,,A,,A,,A,,A,,A,
23,131159,R,1779,R,0,R,1779,R,1301,R,73,R,1400,R,79,R,0,R,1779,R,4,R,0,R,1404,R,79,A,,A,,A,,A,,A,,A,,A,,A,,A,,A,,A,,A,,A,
23,131469,R,2578,R,2,R,2576,R,1991,R,77,R,2155,R,84,R,0,R,2576,R,17,R,1,R,2172,R,84,A,,A,,A,,A,,A,,A,,A,,A,,A,,A,,A,,A,,A,
23,131496,R,1566,R,2,R,1564,R,1401,R,90,R,1489,R,95,R,0,R,1564,R,5,R,2,R,1494,R,96,A,,A,,A,,A,,A,,A,,A,,A,,A,,A,,A,,A,,A,
23,131520,R,1642,R,0,R,1642,R,869,R,53,R,1044,R,64,R,0,R,1642,R,21,R,8,R,1065,R,65,A,,A,,A,,A,,A,,A,,A,,A,,A,,A,,A,,A,,A,
23,133951,R,3798,R,28,R,3770,R,1595,R,42,R,2529,R,67,R,0,R,3770,R,139,R,57,R,2668,R,71,A,,A,,A,,A,,A,,A,,A,,A,,A,,A,,A,,A,,A,
23,134097,R,6022,R,4,R,6018,R,4195,R,70,R,5008,R,83,R,0,R,6018,R,41,R,14,R,5049,R,84,A,,A,,A,,A,,A,,A,,A,,A,,A,,A,,A,,A,,A,
23,134130,R,6775,R,4,R,6771,R,4848,R,72,R,6149,R,91,R,3,R,6768,R,39,R,11,R,6188,R,91,A,,A,,A,,A,,A,,A,,A,,A,,A,,A,,A,,A,,A,
23,135726,R,2057,R,1,R,2056,R,1503,R,73,R,1717,R,84,R,0,R,2056,R,11,R,5,R,1728,R,84,A,,A,,A,,A,,A,,A,,A,,A,,A,,A,,A,,A,,A,
23,137351,R,4758,R,1,R,4757,R,2830,R,59,R,3550,R,75,R,0,R,4757,R,71,R,158,R,3621,R,76,A,,A,,A,,A,,A,,A,,A,,A,,A,,A,,A,,A,,A,
23,139658,R,1357,R,1,R,1356,R,1132,R,83,R,1221,R,90,R,-1,R,1357,R,8,R,3,R,1229,R,91,A,,A,,A,,A,,A,,A,,A,,A,,A,,A,,A,,A,,A,
23,139755,R,3083,R,0,R,3083,R,1571,R,51,R,2834,R,92,Z,0,R,3083,R,34,R,4,R,2868,R,93,A,,A,,A,,A,,A,,A,,A,,A,,A,,A,,A,,A,,A,
23,139959,R,5248,R,0,R,5248,R,3576,R,68,R,4577,R,87,Z,0,R,5248,R,47,R,11,R,4624,R,88,A,,A,,A,,A,,A,,A,,A,,A,,A,,A,,A,,A,,A,
23,144050,R,1537,R,2,R,1535,R,1391,R,91,R,1472,R,96,R,0,R,1535,R,4,R,3,R,1476,R,96,A,,A,,A,,A,,A,,A,,A,,A,,A,,A,,A,,A,,A,
23,145600,R,3462,R,7,R,3455,R,1260,R,36,R,2151,R,62,R,0,R,3455,R,72,R,22,R,2223,R,64,A,,A,,A,,A,,A,,A,,A,,A,,A,,A,,A,,A,,A,
23,145637,R,7556,R,3,R,7553,R,5391,R,71,R,6411,R,85,R,1,R,7552,R,82,R,14,R,6493,R,86,A,,A,,A,,A,,A,,A,,A,,A,,A,,A,,A,,A,,A,
23,147767,R,2018,R,6,R,2012,R,1736,R,86,R,1916,R,95,R,0,R,2012,R,14,R,3,R,1930,R,96,A,,A,,A,,A,,A,,A,,A,,A,,A,,A,,A,,A,,A,
23,151351,R,7843,R,4,R,7839,R,5445,R,69,R,6338,R,81,R,0,R,7839,R,95,R,26,R,6433,R,82,A,,A,,A,,A,,A,,A,,A,,A,,A,,A,,A,,A,,A,
23,152080,R,2006,R,4,R,2002,R,1787,R,89,R,1919,R,96,R,0,R,2002,R,3,R,0,R,1922,R,96,A,,A,,A,,A,,A,,A,,A,,A,,A,,A,,A,,A,,A,
23,160472,A,,A,,A,,A,,A,,A,,A,,A,,A,,A,,A,,A,,A,,R,148,R,0,R,148,R,3,R,2,R,58,R,39,R,0,R,148,R,0,R,0,R,58,R,39
23,160755,R,1719,R,1,R,1718,R,1329,R,77,R,1477,R,86,Z,0,R,1718,R,8,R,2,R,1485,R,86,A,,A,,A,,A,,A,,A,,A,,A,,A,,A,,A,,A,,A,
23,162928,R,1366,R,8,R,1358,R,1187,R,87,R,1285,R,95,R,0,R,1358,R,4,R,1,R,1289,R,95,A,,A,,A,,A,,A,,A,,A,,A,,A,,A,,A,,A,,A,
23,163286,R,3958,R,4,R,3954,R,2855,R,72,R,3472,R,88,R,0,R,3954,R,27,R,9,R,3499,R,88,A,,A,,A,,A,,A,,A,,A,,A,,A,,A,,A,,A,,A,
23,164924,R,2310,R,10,R,2300,R,2019,R,88,R,2088,R,91,R,0,R,2300,R,7,R,1,R,2095,R,91,A,,A,,A,,A,,A,,A,,A,,A,,A,,A,,A,,A,,A,
23,164988,R,3628,R,24,R,3604,R,3030,R,84,R,3220,R,89,R,0,R,3604,R,19,R,0,R,3239,R,90,A,,A,,A,,A,,A,,A,,A,,A,,A,,A,,A,,A,,A,
23,165015,R,802,R,0,R,802,R,656,R,82,R,702,R,88,Z,0,R,802,R,4,R,1,R,706,R,88,A,,A,,A,,A,,A,,A,,A,,A,,A,,A,,A,,A,,A,
23,166027,R,1659,R,1,R,1658,R,1431,R,86,R,1604,R,97,R,0,R,1658,R,27,R,3,R,1631,R,98,A,,A,,A,,A,,A,,A,,A,,A,,A,,A,,A,,A,,A,
23,166629,R,4651,R,9,R,4642,R,3580,R,77,R,3892,R,84,R,0,R,4642,R,31,R,16,R,3923,R,85,A,,A,,A,,A,,A,,A,,A,,A,,A,,A,,A,,A,,A,
23,166683,R,1106,R,0,R,1106,R,978,R,88,R,1064,R,96,R,0,R,1106,R,8,R,3,R,1072,R,97,A,,A,,A,,A,,A,,A,,A,,A,,A,,A,,A,,A,,A,
23,167358,R,2797,R,8,R,2789,Z,0,R,0,R,2526,R,91,R,0,R,2789,R,14,R,2,R,2540,R,91,A,,A,,A,,A,,A,,A,,A,,A,,A,,A,,A,,A,,A,
23,168148,R,1358,R,1,R,1357,R,1208,R,89,R,1273,R,94,R,0,R,1357,R,5,R,4,R,1278,R,94,A,,A,,A,,A,,A,,A,,A,,A,,A,,A,,A,,A,,A,
23,168421,R,1093,R,0,R,1093,R,889,R,81,R,953,R,87,R,0,R,1093,R,8,R,3,R,961,R,88,A,,A,,A,,A,,A,,A,,A,,A,,A,,A,,A,,A,,A,
23,170976,R,6050,R,1,R,6049,R,4893,R,81,R,5665,R,94,R,0,R,6049,R,36,R,11,R,5701,R,94,A,,A,,A,,A,,A,,A,,A,,A,,A,,A,,A,,A,,A,
23,171100,R,7848,R,5,R,7843,R,4665,R,59,R,6455,R,82,R,1,R,7842,R,92,R,22,R,6547,R,83,A,,A,,A,,A,,A,,A,,A,,A,,A,,A,,A,,A,,A,
23,174066,R,5756,R,1,R,5755,R,4138,R,72,R,4846,R,84,R,0,R,5755,R,50,R,16,R,4896,R,85,A,,A,,A,,A,,A,,A,,A,,A,,A,,A,,A,,A,,A,
23,179867,R,1718,R,2,R,1716,R,1491,R,87,R,1598,R,93,R,-1,R,1717,R,7,R,0,R,1605,R,93,A,,A,,A,,A,,A,,A,,A,,A,,A,,A,,A,,A,,A,
23,182670,R,1112,R,1,R,1111,R,952,R,86,R,1047,R,94,R,1,R,1110,R,12,R,4,R,1059,R,95,A,,A,,A,,A,,A,,A,,A,,A,,A,,A,,A,,A,,A,
23,185828,R,984,R,7,R,977,R,376,R,38,R,720,R,74,R,1,R,976,R,38,R,48,R,758,R,78,A,,A,,A,,A,,A,,A,,A,,A,,A,,A,,A,,A,,A,
23,186131,R,1318,R,2,R,1316,R,1178,R,90,R,1284,R,98,Z,0,R,1316,R,6,R,1,R,1290,R,98,A,,A,,A,,A,,A,,A,,A,,A,,A,,A,,A,,A,,A,
23,186371,R,422,R,0,R,422,R,181,R,43,R,299,R,71,R,0,R,422,R,10,R,6,R,309,R,73,A,,A,,A,,A,,A,,A,,A,,A,,A,,A,,A,,A,,A,
23,186380,R,6387,R,1,R,6386,R,4322,R,68,R,5350,R,84,R,0,R,6386,R,68,R,30,R,5418,R,85,A,,A,,A,,A,,A,,A,,A,,A,,A,,A,,A,,A,,A,
23,186399,R,1192,R,1,R,1191,R,420,R,35,R,773,R,65,R,0,R,1191,R,23,R,9,R,796,R,67,A,,A,,A,,A,,A,,A,,A,,A,,A,,A,,A,,A,,A,
23,186867,R,684,R,0,R,684,R,429,R,63,R,597,R,87,Z,0,R,684,R,1,R,2,R,598,R,87,A,,A,,A,,A,,A,,A,,A,,A,,A,,A,,A,,A,,A,
23,190415,R,3180,R,7,R,3173,R,2787,R,88,R,2987,R,94,R,0,R,3173,R,22,R,3,R,3009,R,95,A,,A,,A,,A,,A,,A,,A,,A,,A,,A,,A,,A,,A,
23,191241,R,2191,R,0,R,2191,R,1716,R,78,R,1822,R,83,R,1,R,2190,R,8,R,1,R,1830,R,84,A,,A,,A,,A,,A,,A,,A,,A,,A,,A,,A,,A,,A,
23,193900,R,5879,R,7,R,5872,R,4589,R,78,R,5101,R,87,R,2,R,5870,R,47,R,9,R,5148,R,88,A,,A,,A,,A,,A,,A,,A,,A,,A,,A,,A,,A,,A,
23,194824,R,1379,R,0,R,1379,R,971,R,70,R,1161,R,84,R,0,R,1379,R,13,R,2,R,1174,R,85,A,,A,,A,,A,,A,,A,,A,,A,,A,,A,,A,,A,,A,
23,195003,R,2715,R,4,R,2711,R,673,R,25,R,1919,R,71,R,0,R,2711,R,54,R,9,R,1973,R,73,A,,A,,A,,A,,A,,A,,A,,A,,A,,A,,A,,A,,A,
23,195030,R,1400,R,0,R,1400,R,1059,R,76,R,1202,R,86,R,6,R,1394,R,1,R,0,R,1203,R,86,A,,A,,A,,A,,A,,A,,A,,A,,A,,A,,A,,A,,A,
23,196079,R,2588,R,5,R,2583,R,1933,R,75,R,2165,R,84,R,0,R,2583,R,18,R,2,R,2183,R,85,A,,A,,A,,A,,A,,A,,A,,A,,A,,A,,A,,A,,A,
23,196088,R,3436,R,7,R,3429,R,2057,R,60,R,2530,R,74,R,0,R,3429,R,29,R,4,R,2559,R,75,A,,A,,A,,A,,A,,A,,A,,A,,A,,A,,A,,A,,A,
23,196097,R,2836,R,3,R,2833,R,1826,R,64,R,2200,R,78,R,0,R,2833,R,36,R,10,R,2236,R,79,A,,A,,A,,A,,A,,A,,A,,A,,A,,A,,A,,A,,A,
23,196413,R,3478,R,14,R,3464,R,2485,R,72,R,2856,R,82,R,0,R,3464,R,32,R,3,R,2888,R,83,A,,A,,A,,A,,A,,A,,A,,A,,A,,A,,A,,A,,A,
23,197708,R,521,R,3,R,518,R,367,R,71,R,414,R,80,R,10,R,508,R,4,R,0,R,418,R,82,A,,A,,A,,A,,A,,A,,A,,A,,A,,A,,A,,A,,A,
23,198419,R,1746,R,1,R,1745,R,1557,R,89,R,1673,R,96,R,0,R,1745,R,7,R,0,R,1680,R,96,A,,A,,A,,A,,A,,A,,A,,A,,A,,A,,A,,A,,A,
23,199120,R,4073,R,0,R,4073,R,3462,R,85,R,3743,R,92,R,0,R,4073,R,13,R,10,R,3756,R,92,A,,A,,A,,A,,A,,A,,A,,A,,A,,A,,A,,A,,A,
23,199193,R,4209,R,3,R,4206,R,2686,R,64,R,3576,R,85,R,0,R,4206,R,36,R,16,R,3612,R,86,A,,A,,A,,A,,A,,A,,A,,A,,A,,A,,A,,A,,A,
23,199847,R,1284,R,2,R,1282,R,1105,R,86,R,1157,R,90,R,0,R,1282,R,6,R,1,R,1163,R,91,A,,A,,A,,A,,A,,A,,A,,A,,A,,A,,A,,A,,A,
23,201645,R,1256,R,3,R,1253,R,843,R,67,R,1055,R,84,Z,0,R,1253,R,7,R,1,R,1062,R,85,A,,A,,A,,A,,A,,A,,A,,A,,A,,A,,A,,A,,A,
23,204796,R,7023,R,5,R,7018,R,4700,R,67,R,6173,R,88,R,0,R,7018,R,64,R,29,R,6237,R,89,A,,A,,A,,A,,A,,A,,A,,A,,A,,A,,A,,A,,A,
23,211440,R,1575,R,11,R,1564,R,1236,R,79,R,1452,R,93,R,0,R,1564,R,19,R,0,R,1471,R,94,A,,A,,A,,A,,A,,A,,A,,A,,A,,A,,A,,A,,A,
23,212054,R,2716,R,3,R,2713,R,846,R,31,R,2122,R,78,R,3,R,2710,R,24,R,1,R,2146,R,79,A,,A,,A,,A,,A,,A,,A,,A,,A,,A,,A,,A,,A,
23,213543,R,1261,R,5,R,1256,R,978,R,78,R,1097,R,87,R,0,R,1256,R,7,R,0,R,1104,R,88,A,,A,,A,,A,,A,,A,,A,,A,,A,,A,,A,,A,,A,
23,214777,R,7599,R,5,R,7594,R,5276,R,69,R,6488,R,85,R,0,R,7594,R,81,R,30,R,6569,R,87,A,,A,,A,,A,,A,,A,,A,,A,,A,,A,,A,,A,,A,
23,215062,R,2381,R,0,R,2381,R,2124,R,89,R,2291,R,96,R,3,R,2378,R,23,R,1,R,2314,R,97,A,,A,,A,,A,,A,,A,,A,,A,,A,,A,,A,,A,,A,
23,215293,R,4010,R,2,R,4008,R,2766,R,69,R,3378,R,84,R,0,R,4008,R,21,R,9,R,3399,R,85,A,,A,,A,,A,,A,,A,,A,,A,,A,,A,,A,,A,,A,
23,216597,R,1699,R,0,R,1699,R,1493,R,88,R,1551,R,91,R,0,R,1699,R,3,R,1,R,1554,R,91,A,,A,,A,,A,,A,,A,,A,,A,,A,,A,,A,,A,,A,
23,217156,R,1613,R,4,R,1609,R,1391,R,86,R,1542,R,96,R,0,R,1609,R,17,R,50,R,1559,R,97,A,,A,,A,,A,,A,,A,,A,,A,,A,,A,,A,,A,,A,
23,217882,R,3439,R,5,R,3434,R,2228,R,65,R,2935,R,85,Z,0,R,3434,R,26,R,7,R,2961,R,86,A,,A,,A,,A,,A,,A,,A,,A,,A,,A,,A,,A,,A,
23,217925,R,91,R,0,R,91,R,52,R,57,R,55,R,60,R,0,R,91,R,2,R,0,R,57,R,63,A,,A,,A,,A,,A,,A,,A,,A,,A,,A,,A,,A,,A,
23,221999,R,1607,R,5,R,1602,R,1422,R,89,R,1496,R,93,R,0,R,1602,R,5,R,0,R,1501,R,94,A,,A,,A,,A,,A,,A,,A,,A,,A,,A,,A,,A,,A,
23,223232,R,3393,R,3,R,3390,R,2315,R,68,R,2767,R,82,R,0,R,3390,R,10,R,2,R,2777,R,82,A,,A,,A,,A,,A,,A,,A,,A,,A,,A,,A,,A,,A,
23,227757,R,968,R,2,R,966,R,840,R,87,R,892,R,92,R,0,R,966,R,7,R,0,R,899,R,93,A,,A,,A,,A,,A,,A,,A,,A,,A,,A,,A,,A,,A,
23,228246,R,1370,R,0,R,1370,R,1026,R,75,R,1129,R,82,Z,0,R,1370,R,6,R,1,R,1135,R,83,A,,A,,A,,A,,A,,A,,A,,A,,A,,A,,A,,A,,A,
23,228723,R,9028,R,0,R,9028,R,5312,R,59,R,7526,R,83,Z,0,R,9028,R,76,R,11,R,7602,R,84,A,,A,,A,,A,,A,,A,,A,,A,,A,,A,,A,,A,,A,
23,228778,R,7566,R,0,R,7566,R,5285,R,70,R,6639,R,88,R,0,R,7566,R,92,R,6,R,6731,R,89,A,,A,,A,,A,,A,,A,,A,,A,,A,,A,,A,,A,,A,
23,228875,R,2074,R,0,R,2074,R,1464,R,71,R,1717,R,83,R,0,R,2074,R,6,R,2,R,1723,R,83,A,,A,,A,,A,,A,,A,,A,,A,,A,,A,,A,,A,,A,
23,231624,R,1517,R,1,R,1516,R,1310,R,86,R,1380,R,91,R,0,R,1516,R,13,R,1,R,1393,R,92,A,,A,,A,,A,,A,,A,,A,,A,,A,,A,,A,,A,,A,
23,234076,R,3672,R,2,R,3670,R,3252,R,89,R,3439,R,94,R,0,R,3670,R,19,R,3,R,3458,R,94,A,,A,,A,,A,,A,,A,,A,,A,,A,,A,,A,,A,,A,
23,236948,R,6735,R,4,R,6731,R,4747,R,71,R,5646,R,84,R,0,R,6731,R,57,R,16,R,5703,R,85,A,,A,,A,,A,,A,,A,,A,,A,,A,,A,,A,,A,,A,
23,239105,R,1872,R,0,R,1872,R,1207,R,64,R,1523,R,81,R,0,R,1872,R,3,R,0,R,1526,R,82,A,,A,,A,,A,,A,,A,,A,,A,,A,,A,,A,,A,,A,
23,240444,R,6258,R,0,R,6258,R,4337,R,69,R,5582,R,89,Z,0,R,6258,R,55,R,16,R,5637,R,90,A,,A,,A,,A,,A,,A,,A,,A,,A,,A,,A,,A,,A,
23,243744,R,1719,R,0,R,1719,R,1327,R,77,R,1642,R,96,R,0,R,1719,R,25,R,8,R,1667,R,97,A,,A,,A,,A,,A,,A,,A,,A,,A,,A,,A,,A,,A,
23,243780,R,6973,R,5,R,6968,R,4197,R,60,R,5755,R,83,R,2,R,6966,R,89,R,27,R,5844,R,84,A,,A,,A,,A,,A,,A,,A,,A,,A,,A,,A,,A,,A,
23,445188,R,1782,R,1,R,1781,R,853,R,48,R,1276,R,72,R,0,R,1781,R,20,R,2,R,1296,R,73,A,,A,,A,,A,,A,,A,,A,,A,,A,,A,,A,,A,,A,
22,100858,R,4552,R,3,R,4549,R,2325,R,51,R,3580,R,79,R,0,R,4549,R,66,R,20,R,3646,R,80,A,,A,,A,,A,,A,,A,,A,,A,,A,,A,,A,,A,,A,
22,110404,R,226,R,1,R,225,R,194,R,86,R,206,R,92,R,0,R,225,R,2,R,1,R,208,R,92,A,,A,,A,,A,,A,,A,,A,,A,,A,,A,,A,,A,,A,
22,110635,R,5431,R,0,R,5431,R,4129,R,76,R,5015,R,92,R,0,R,5431,R,71,R,21,R,5086,R,94,A,,A,,A,,A,,A,,A,,A,,A,,A,,A,,A,,A,,A,
22,110644,R,5353,R,2,R,5351,R,3408,R,64,R,4615,R,86,R,0,R,5351,R,82,R,15,R,4697,R,88,A,,A,,A,,A,,A,,A,,A,,A,,A,,A,,A,,A,,A,
22,110653,R,5424,R,4,R,5420,R,3730,R,69,R,4606,R,85,R,2,R,5418,R,39,R,10,R,4645,R,86,A,,A,,A,,A,,A,,A,,A,,A,,A,,A,,A,,A,,A,
22,110662,R,5753,R,4,R,5749,R,4647,R,81,R,5248,R,91,R,0,R,5749,R,63,R,15,R,5311,R,92,A,,A,,A,,A,,A,,A,,A,,A,,A,,A,,A,,A,,A,
22,110671,R,4272,R,1,R,4271,R,2666,R,62,R,3301,R,77,R,0,R,4271,R,63,R,11,R,3364,R,79,A,,A,,A,,A,,A,,A,,A,,A,,A,,A,,A,,A,,A,
22,110680,R,4913,R,0,R,4913,R,3352,R,68,R,4280,R,87,R,0,R,4913,R,74,R,25,R,4354,R,89,A,,A,,A,,A,,A,,A,,A,,A,,A,,A,,A,,A,,A,
22,110705,R,4725,R,0,R,4725,R,3265,R,69,R,3968,R,84,Z,0,R,4725,R,50,R,8,R,4018,R,85,A,,A,,A,,A,,A,,A,,A,,A,,A,,A,,A,,A,,A,
22,110714,R,4019,R,11,R,4008,R,2204,R,55,R,3028,R,76,R,0,R,4008,R,53,R,11,R,3081,R,77,A,,A,,A,,A,,A,,A,,A,,A,,A,,A,,A,,A,,A,
22,121150,R,655,R,0,R,655,R,522,R,80,R,581,R,89,R,0,R,655,R,3,R,0,R,584,R,89,A,,A,,A,,A,,A,,A,,A,,A,,A,,A,,A,,A,,A,
22,122931,R,1318,R,2,R,1316,R,1157,R,88,R,1210,R,92,R,0,R,1316,R,4,R,1,R,1214,R,92,A,,A,,A,,A,,A,,A,,A,,A,,A,,A,,A,,A,,A,
22,123961,R,3093,R,6,R,3087,R,2426,R,79,R,2827,R,92,R,0,R,3087,R,3,R,7,R,2830,R,92,A,,A,,A,,A,,A,,A,,A,,A,,A,,A,,A,,A,,A,
22,126614,R,5813,R,19,R,5794,R,2889,R,50,R,4199,R,72,R,0,R,5794,R,102,R,34,R,4301,R,74,A,,A,,A,,A,,A,,A,,A,,A,,A,,A,,A,,A,,A,
22,126775,R,998,R,0,R,998,R,652,R,65,R,840,R,84,R,0,R,998,R,3,R,0,R,843,R,84,A,,A,,A,,A,,A,,A,,A,,A,,A,,A,,A,,A,,A,
22,129020,R,3546,R,5,R,3541,R,2569,R,73,R,2945,R,83,R,0,R,3541,R,33,R,6,R,2978,R,84,A,,A,,A,,A,,A,,A,,A,,A,,A,,A,,A,,A,,A,
22,130794,R,1360,R,2,R,1358,R,1140,R,84,R,1309,R,96,Z,0,R,1358,R,14,R,0,R,1323,R,97,A,,A,,A,,A,,A,,A,,A,,A,,A,,A,,A,,A,,A,
22,130943,R,4165,R,0,R,4165,R,3039,R,73,R,3502,R,84,R,0,R,4165,R,35,R,10,R,3537,R,85,A,,A,,A,,A,,A,,A,,A,,A,,A,,A,,A,,A,,A,
22,131159,R,1781,R,0,R,1781,R,1320,R,74,R,1409,R,79,R,0,R,1781,R,6,R,0,R,1415,R,79,A,,A,,A,,A,,A,,A,,A,,A,,A,,A,,A,,A,,A,
22,131469,R,2410,R,3,R,2407,R,1899,R,79,R,2051,R,85,R,0,R,2407,R,12,R,4,R,2063,R,86,A,,A,,A,,A,,A,,A,,A,,A,,A,,A,,A,,A,,A,
22,131496,R,1575,R,0,R,1575,R,1423,R,90,R,1484,R,94,R,0,R,1575,R,6,R,5,R,1490,R,95,A,,A,,A,,A,,A,,A,,A,,A,,A,,A,,A,,A,,A,
22,131520,R,1467,R,0,R,1467,R,769,R,52,R,939,R,64,Z,0,R,1467,R,10,R,7,R,949,R,65,A,,A,,A,,A,,A,,A,,A,,A,,A,,A,,A,,A,,A,
22,133951,R,3782,R,24,R,3758,R,1444,R,38,R,2513,R,67,R,0,R,3758,R,139,R,71,R,2652,R,71,A,,A,,A,,A,,A,,A,,A,,A,,A,,A,,A,,A,,A,
22,134097,R,6071,R,4,R,6067,R,4344,R,72,R,5106,R,84,R,0,R,6067,R,41,R,13,R,5147,R,85,A,,A,,A,,A,,A,,A,,A,,A,,A,,A,,A,,A,,A,
22,134130,R,6373,R,6,R,6367,R,4285,R,67,R,5657,R,89,R,0,R,6367,R,57,R,21,R,5714,R,90,A,,A,,A,,A,,A,,A,,A,,A,,A,,A,,A,,A,,A,
22,135726,R,2052,R,0,R,2052,R,1479,R,72,R,1701,R,83,R,0,R,2052,R,11,R,1,R,1712,R,83,A,,A,,A,,A,,A,,A,,A,,A,,A,,A,,A,,A,,A,
22,137351,R,4633,R,1,R,4632,R,2716,R,59,R,3412,R,74,R,1,R,4631,R,76,R,150,R,3488,R,75,A,,A,,A,,A,,A,,A,,A,,A,,A,,A,,A,,A,,A,
22,139658,R,1364,R,7,R,1357,R,1114,R,82,R,1225,R,90,R,-5,R,1362,R,19,R,0,R,1244,R,91,A,,A,,A,,A,,A,,A,,A,,A,,A,,A,,A,,A,,A,
22,139755,R,2797,R,8,R,2789,R,1303,R,47,R,2530,R,91,R,0,R,2789,R,34,R,15,R,2564,R,92,A,,A,,A,,A,,A,,A,,A,,A,,A,,A,,A,,A,,A,
22,139959,R,5240,R,0,R,5240,R,3520,R,67,R,4517,R,86,Z,0,R,5240,R,53,R,10,R,4570,R,87,A,,A,,A,,A,,A,,A,,A,,A,,A,,A,,A,,A,,A,
22,144050,R,1444,R,1,R,1443,R,1310,R,91,R,1386,R,96,R,0,R,1443,R,6,R,14,R,1392,R,96,A,,A,,A,,A,,A,,A,,A,,A,,A,,A,,A,,A,,A,
22,145600,R,3011,R,5,R,3006,R,1103,R,37,R,1908,R,63,R,0,R,3006,R,63,R,21,R,1971,R,66,A,,A,,A,,A,,A,,A,,A,,A,,A,,A,,A,,A,,A,
22,145637,R,6926,R,4,R,6922,R,4971,R,72,R,5967,R,86,R,0,R,6922,R,85,R,9,R,6052,R,87,A,,A,,A,,A,,A,,A,,A,,A,,A,,A,,A,,A,,A,
22,147767,R,2044,R,3,R,2041,R,1737,R,85,R,1937,R,95,R,0,R,2041,R,7,R,2,R,1944,R,95,A,,A,,A,,A,,A,,A,,A,,A,,A,,A,,A,,A,,A,
22,151351,R,7692,R,12,R,7680,R,5278,R,69,R,6126,R,80,R,-1,R,7681,R,98,R,30,R,6224,R,81,A,,A,,A,,A,,A,,A,,A,,A,,A,,A,,A,,A,,A,
22,152080,R,2011,R,3,R,2008,R,1865,R,93,R,1938,R,97,R,0,R,2008,R,5,R,0,R,1943,R,97,A,,A,,A,,A,,A,,A,,A,,A,,A,,A,,A,,A,,A,
22,160472,A,,A,,A,,A,,A,,A,,A,,A,,A,,A,,A,,A,,A,,R,68,R,0,R,68,R,1,R,1,R,39,R,57,R,0,R,68,R,17,R,0,R,56,R,82
22,160755,R,1647,R,3,R,1644,R,1260,R,77,R,1410,R,86,R,0,R,1644,R,9,R,2,R,1419,R,86,A,,A,,A,,A,,A,,A,,A,,A,,A,,A,,A,,A,,A,
22,162928,R,1470,R,7,R,1463,R,1298,R,89,R,1381,R,94,R,-2,R,1465,R,8,R,2,R,1389,R,95,A,,A,,A,,A,,A,,A,,A,,A,,A,,A,,A,,A,,A,
22,163286,R,4126,R,2,R,4124,R,2878,R,70,R,3589,R,87,R,0,R,4124,R,40,R,2,R,3629,R,88,A,,A,,A,,A,,A,,A,,A,,A,,A,,A,,A,,A,,A,
22,164924,R,2340,R,6,R,2334,R,2084,R,89,R,2140,R,92,R,0,R,2334,R,7,R,2,R,2147,R,92,A,,A,,A,,A,,A,,A,,A,,A,,A,,A,,A,,A,,A,
22,164988,R,3915,R,14,R,3901,R,3269,R,84,R,3472,R,89,R,0,R,3901,R,23,R,16,R,3495,R,90,A,,A,,A,,A,,A,,A,,A,,A,,A,,A,,A,,A,,A,
22,165015,R,858,R,4,R,854,R,704,R,82,R,762,R,89,R,0,R,854,R,6,R,0,R,768,R,90,A,,A,,A,,A,,A,,A,,A,,A,,A,,A,,A,,A,,A,
22,166027,R,1650,R,1,R,1649,R,1417,R,86,R,1610,R,98,R,0,R,1649,R,12,R,1,R,1622,R,98,A,,A,,A,,A,,A,,A,,A,,A,,A,,A,,A,,A,,A,
22,166629,R,4639,R,6,R,4633,R,3536,R,76,R,3864,R,83,R,0,R,4633,R,34,R,5,R,3898,R,84,A,,A,,A,,A,,A,,A,,A,,A,,A,,A,,A,,A,,A,
22,166683,R,1043,R,3,R,1040,R,901,R,87,R,994,R,96,R,0,R,1040,R,13,R,2,R,1007,R,97,A,,A,,A,,A,,A,,A,,A,,A,,A,,A,,A,,A,,A,
22,167358,R,2944,R,4,R,2940,R,0,R,0,R,2640,R,90,R,0,R,2940,R,24,R,5,R,2664,R,91,A,,A,,A,,A,,A,,A,,A,,A,,A,,A,,A,,A,,A,
22,168148,R,1347,R,0,R,1347,R,1196,R,89,R,1265,R,94,R,0,R,1347,R,7,R,1,R,1272,R,94,A,,A,,A,,A,,A,,A,,A,,A,,A,,A,,A,,A,,A,
22,168421,R,1054,R,0,R,1054,R,856,R,81,R,938,R,89,R,1,R,1053,R,8,R,1,R,946,R,90,A,,A,,A,,A,,A,,A,,A,,A,,A,,A,,A,,A,,A,
22,170976,R,6475,R,0,R,6475,R,5237,R,81,R,6050,R,93,R,0,R,6475,R,56,R,12,R,6106,R,94,A,,A,,A,,A,,A,,A,,A,,A,,A,,A,,A,,A,,A,
22,171100,R,7757,R,5,R,7752,R,4503,R,58,R,6321,R,82,R,0,R,7752,R,121,R,22,R,6442,R,83,A,,A,,A,,A,,A,,A,,A,,A,,A,,A,,A,,A,,A,
22,174066,R,5520,R,0,R,5520,R,3938,R,71,R,4651,R,84,R,0,R,5520,R,60,R,31,R,4711,R,85,A,,A,,A,,A,,A,,A,,A,,A,,A,,A,,A,,A,,A,
22,179867,R,1723,R,4,R,1719,R,1517,R,88,R,1622,R,94,R,0,R,1719,R,8,R,6,R,1630,R,95,A,,A,,A,,A,,A,,A,,A,,A,,A,,A,,A,,A,,A,
22,182670,R,1150,R,2,R,1148,R,1006,R,88,R,1089,R,95,R,0,R,1148,R,14,Z,0,R,1103,R,96,A,,A,,A,,A,,A,,A,,A,,A,,A,,A,,A,,A,,A,
22,185828,R,936,R,6,R,930,R,382,R,41,R,651,R,70,R,0,R,930,R,37,R,7,R,688,R,74,A,,A,,A,,A,,A,,A,,A,,A,,A,,A,,A,,A,,A,
22,186131,R,1311,R,1,R,1310,R,1175,R,90,R,1284,R,98,R,0,R,1310,R,12,R,0,R,1296,R,99,A,,A,,A,,A,,A,,A,,A,,A,,A,,A,,A,,A,,A,
22,186371,R,421,R,0,R,421,R,159,R,38,R,274,R,65,R,0,R,421,R,11,R,1,R,285,R,68,A,,A,,A,,A,,A,,A,,A,,A,,A,,A,,A,,A,,A,
22,186380,R,6182,R,2,R,6180,R,4132,R,67,R,5214,R,84,R,0,R,6180,R,83,R,22,R,5297,R,86,A,,A,,A,,A,,A,,A,,A,,A,,A,,A,,A,,A,,A,
22,186399,R,1010,R,0,R,1010,R,345,R,34,R,657,R,65,R,0,R,1010,R,36,R,5,R,693,R,69,A,,A,,A,,A,,A,,A,,A,,A,,A,,A,,A,,A,,A,
22,186867,R,733,R,0,R,733,R,388,R,53,R,643,R,88,R,0,R,733,R,2,R,0,R,645,R,88,A,,A,,A,,A,,A,,A,,A,,A,,A,,A,,A,,A,,A,
22,190415,R,3225,R,11,R,3214,R,2855,R,89,R,3065,R,95,R,2,R,3212,R,19,R,3,R,3084,R,96,A,,A,,A,,A,,A,,A,,A,,A,,A,,A,,A,,A,,A,
22,191241,R,2229,R,1,R,2228,R,1750,R,79,R,1853,R,83,R,0,R,2228,R,8,R,5,R,1861,R,84,A,,A,,A,,A,,A,,A,,A,,A,,A,,A,,A,,A,,A,
22,193900,R,5854,R,11,R,5843,R,4628,R,79,R,5131,R,88,R,0,R,5843,R,52,R,10,R,5183,R,89,A,,A,,A,,A,,A,,A,,A,,A,,A,,A,,A,,A,,A,
22,194824,R,1331,R,1,R,1330,R,985,R,74,R,1156,R,87,R,0,R,1330,R,5,R,0,R,1161,R,87,A,,A,,A,,A,,A,,A,,A,,A,,A,,A,,A,,A,,A,
22,195003,R,2504,R,5,R,2499,R,642,R,26,R,1815,R,73,R,0,R,2499,R,63,R,7,R,1878,R,75,A,,A,,A,,A,,A,,A,,A,,A,,A,,A,,A,,A,,A,
22,195030,R,1436,R,4,R,1432,R,1077,R,75,R,1229,R,86,R,6,R,1426,R,9,R,4,R,1238,R,87,A,,A,,A,,A,,A,,A,,A,,A,,A,,A,,A,,A,,A,
22,196079,R,2528,R,0,R,2528,R,1822,R,72,R,2066,R,82,R,0,R,2528,R,23,R,2,R,2089,R,83,A,,A,,A,,A,,A,,A,,A,,A,,A,,A,,A,,A,,A,
22,196088,R,3335,R,16,R,3319,R,2018,R,61,R,2493,R,75,R,0,R,3319,R,31,R,7,R,2524,R,76,A,,A,,A,,A,,A,,A,,A,,A,,A,,A,,A,,A,,A,
22,196097,R,2852,R,2,R,2850,R,1800,R,63,R,2174,R,76,R,0,R,2850,R,50,R,7,R,2224,R,78,A,,A,,A,,A,,A,,A,,A,,A,,A,,A,,A,,A,,A,
22,196413,R,3461,R,7,R,3454,R,2460,R,71,R,2873,R,83,R,0,R,3454,R,32,R,4,R,2905,R,84,A,,A,,A,,A,,A,,A,,A,,A,,A,,A,,A,,A,,A,
22,197708,R,543,R,0,R,543,R,369,R,68,R,417,R,77,R,0,R,543,R,12,R,0,R,429,R,79,A,,A,,A,,A,,A,,A,,A,,A,,A,,A,,A,,A,,A,
22,198419,R,1721,R,2,R,1719,R,1520,R,88,R,1642,R,96,R,0,R,1719,R,14,R,2,R,1656,R,96,A,,A,,A,,A,,A,,A,,A,,A,,A,,A,,A,,A,,A,
22,199120,R,3976,R,2,R,3974,R,3374,R,85,R,3606,R,91,R,0,R,3974,R,26,R,7,R,3632,R,91,A,,A,,A,,A,,A,,A,,A,,A,,A,,A,,A,,A,,A,
22,199193,R,4370,R,3,R,4367,R,2584,R,59,R,3693,R,85,R,0,R,4367,R,64,R,24,R,3757,R,86,A,,A,,A,,A,,A,,A,,A,,A,,A,,A,,A,,A,,A,
22,199847,R,1287,R,0,R,1287,R,1098,R,85,R,1141,R,89,R,0,R,1287,R,6,R,0,R,1147,R,89,A,,A,,A,,A,,A,,A,,A,,A,,A,,A,,A,,A,,A,
22,201645,R,1282,R,0,R,1282,R,860,R,67,R,1094,R,85,R,0,R,1282,R,5,R,1,R,1099,R,86,A,,A,,A,,A,,A,,A,,A,,A,,A,,A,,A,,A,,A,
22,204796,R,7070,R,5,R,7065,R,4569,R,65,R,6149,R,87,R,0,R,7065,R,69,R,18,R,6218,R,88,A,,A,,A,,A,,A,,A,,A,,A,,A,,A,,A,,A,,A,
22,211440,R,1474,R,3,R,1471,R,1171,R,80,R,1373,R,93,R,0,R,1471,R,25,R,1,R,1398,R,95,A,,A,,A,,A,,A,,A,,A,,A,,A,,A,,A,,A,,A,
22,212054,R,2920,R,7,R,2913,R,759,R,26,R,2063,R,71,R,6,R,2907,R,36,R,0,R,2099,R,72,A,,A,,A,,A,,A,,A,,A,,A,,A,,A,,A,,A,,A,
22,213543,R,1299,R,2,R,1297,R,1019,R,79,R,1142,R,88,R,0,R,1297,R,17,R,2,R,1159,R,89,A,,A,,A,,A,,A,,A,,A,,A,,A,,A,,A,,A,,A,
22,214777,R,8160,R,6,R,8154,R,5637,R,69,R,6925,R,85,R,0,R,8154,R,61,R,36,R,6986,R,86,A,,A,,A,,A,,A,,A,,A,,A,,A,,A,,A,,A,,A,
22,215062,R,2352,R,0,R,2352,R,2018,R,86,R,2247,R,96,R,2,R,2350,R,12,R,2,R,2259,R,96,A,,A,,A,,A,,A,,A,,A,,A,,A,,A,,A,,A,,A,
22,215293,R,3842,R,3,R,3839,R,2640,R,69,R,3207,R,84,R,0,R,3839,R,25,R,10,R,3232,R,84,A,,A,,A,,A,,A,,A,,A,,A,,A,,A,,A,,A,,A,
22,216597,R,1668,R,1,R,1667,R,1490,R,89,R,1537,R,92,R,0,R,1667,R,3,Z,0,R,1540,R,92,A,,A,,A,,A,,A,,A,,A,,A,,A,,A,,A,,A,,A,
22,217156,R,1559,R,1,R,1558,R,1306,R,84,R,1484,R,95,R,0,R,1558,R,14,R,60,R,1498,R,96,A,,A,,A,,A,,A,,A,,A,,A,,A,,A,,A,,A,,A,
22,217882,R,3470,R,1,R,3469,R,2199,R,63,R,2946,R,85,Z,0,R,3469,R,40,R,6,R,2986,R,86,A,,A,,A,,A,,A,,A,,A,,A,,A,,A,,A,,A,,A,
22,217925,R,85,R,0,R,85,R,46,R,54,R,55,R,65,Z,0,R,85,R,0,Z,0,R,55,R,65,A,,A,,A,,A,,A,,A,,A,,A,,A,,A,,A,,A,,A,
22,221999,R,1604,R,3,R,1601,R,1416,R,88,R,1485,R,93,R,0,R,1601,R,7,R,1,R,1492,R,93,A,,A,,A,,A,,A,,A,,A,,A,,A,,A,,A,,A,,A,
22,223232,R,3622,R,1,R,3621,R,2302,R,64,R,2873,R,79,R,0,R,3621,R,25,R,3,R,2898,R,80,A,,A,,A,,A,,A,,A,,A,,A,,A,,A,,A,,A,,A,
22,227757,R,949,R,3,R,946,R,803,R,85,R,891,R,94,R,0,R,946,R,5,R,0,R,896,R,95,A,,A,,A,,A,,A,,A,,A,,A,,A,,A,,A,,A,,A,
22,228246,R,1455,R,0,R,1455,R,1065,R,73,R,1179,R,81,R,0,R,1455,R,12,R,1,R,1191,R,82,A,,A,,A,,A,,A,,A,,A,,A,,A,,A,,A,,A,,A,
22,228723,R,9489,R,0,R,9489,R,5328,R,56,R,7831,R,83,Z,0,R,9489,R,82,R,11,R,7913,R,83,A,,A,,A,,A,,A,,A,,A,,A,,A,,A,,A,,A,,A,
22,228778,R,7036,R,0,R,7036,R,4911,R,70,R,6161,R,88,R,0,R,7036,R,107,R,5,R,6268,R,89,A,,A,,A,,A,,A,,A,,A,,A,,A,,A,,A,,A,,A,
22,228875,R,1888,R,1,R,1887,R,1320,R,70,R,1548,R,82,Z,0,R,1887,R,4,R,2,R,1552,R,82,A,,A,,A,,A,,A,,A,,A,,A,,A,,A,,A,,A,,A,
22,231624,R,1511,R,2,R,1509,R,1277,R,85,R,1377,R,91,R,0,R,1509,R,6,R,0,R,1383,R,92,A,,A,,A,,A,,A,,A,,A,,A,,A,,A,,A,,A,,A,
22,234076,R,3706,R,0,R,3706,R,3316,R,89,R,3484,R,94,R,0,R,3706,R,19,R,4,R,3503,R,95,A,,A,,A,,A,,A,,A,,A,,A,,A,,A,,A,,A,,A,
22,236948,R,6324,R,6,R,6318,R,4231,R,67,R,5180,R,82,R,0,R,6318,R,80,R,16,R,5260,R,83,A,,A,,A,,A,,A,,A,,A,,A,,A,,A,,A,,A,,A,
22,239105,R,1989,R,0,R,1989,R,1329,R,67,R,1662,R,84,R,0,R,1989,R,3,R,1,R,1665,R,84,A,,A,,A,,A,,A,,A,,A,,A,,A,,A,,A,,A,,A,
22,240444,R,6243,R,0,R,6243,R,4124,R,66,R,5516,R,88,R,0,R,6243,R,50,R,15,R,5566,R,89,A,,A,,A,,A,,A,,A,,A,,A,,A,,A,,A,,A,,A,
22,243744,R,1677,R,0,R,1677,R,1241,R,74,R,1597,R,95,R,0,R,1677,R,37,R,8,R,1634,R,97,A,,A,,A,,A,,A,,A,,A,,A,,A,,A,,A,,A,,A,
22,243780,R,6515,R,1,R,6514,R,3889,R,60,R,5387,R,83,R,0,R,6514,R,97,R,22,R,5484,R,84,A,,A,,A,,A,,A,,A,,A,,A,,A,,A,,A,,A,,A,
22,445188,R,1548,R,2,R,1546,R,690,R,45,R,1062,R,69,R,0,R,1546,R,32,R,3,R,1094,R,71,A,,A,,A,,A,,A,,A,,A,,A,,A,,A,,A,,A,,A,
