year,UNITID,XUGPO9_N,UGPO9_N,XUGPO9_T,UGPO9_T,XUGPO9_A,UGPO9_A,XGPO9_N,GPO9_N,XGPO9_T,GPO9_T,XGPO9_A,GPO9_A,XPO9_N,PO9_N,XPO9_T,PO9_T,XPO9_A,PO9_A,XUGDOD_N,UGDOD_N,XUGDOD_T,UGDOD_T,XUGDOD_A,UGDOD_A,XGDOD_N,GDOD_N,XGDOD_T,GDOD_T,XGDOD_A,GDOD_A,XDOD_N,DOD_N,XDOD_T,DOD_T,XDOD_A,DOD_A   
1819,100858,R,678,R,7696901,R,11352,R,122,R,1233267,R,10109,R,800,R,8930168,R,11163,R,10,R,35750,R,3575,R,25,R,97148,R,3886,R,35,R,132898,R,3797
1819,110404,R,1,R,23672,R,23672,R,0,R,0,A,,R,1,R,23672,R,23672,R,0,R,0,A,,R,0,R,0,A,,R,0,R,0,A,
1819,110635,R,125,R,1831918,R,14655,R,129,R,5607934,R,43472,R,254,R,7439852,R,29291,R,0,R,0,A,,R,0,R,0,A,,R,0,R,0,A,
1819,110644,R,91,R,1303313,R,14322,R,39,R,1304482,R,33448,R,130,R,2607795,R,20060,R,1,R,4300,R,4300,R,2,R,4455,R,2228,R,3,R,8755,R,2918
1819,110653,R,84,R,932077,R,11096,R,42,R,1192799,R,28400,R,126,R,2124876,R,16864,R,0,R,0,A,,R,0,R,0,A,,R,0,R,0,A,
1819,110662,R,115,R,1059301,R,9211,R,141,R,7175978,R,50893,R,256,R,8235279,R,32169,R,0,R,0,A,,R,0,R,0,A,,R,0,R,0,A,
1819,110671,R,55,R,652606,R,11866,R,20,R,475529,R,23776,R,75,R,1128135,R,15042,R,2,R,5643,R,2822,R,0,R,0,A,,R,2,R,5643,R,2822
1819,110680,R,152,R,4164254,R,27396,R,62,R,2464597,R,39752,R,214,R,6628851,R,30976,R,0,R,0,A,,R,0,R,0,A,,R,0,R,0,A,
1819,110705,R,51,R,576192,R,11298,R,2,R,14438,R,7219,R,53,R,590630,R,11144,R,0,R,0,A,,R,0,R,0,A,,R,0,R,0,A,
1819,110714,R,48,R,500858,R,10435,R,5,R,71840,R,14368,R,53,R,572698,R,10806,R,0,R,0,A,,R,0,R,0,A,,R,0,R,0,A,
1819,121150,R,98,R,1408605,R,14374,R,104,R,1292984,R,12433,R,202,R,2701589,R,13374,R,0,R,0,A,,R,0,R,0,A,,R,0,R,0,A,
1819,122931,R,33,R,824483,R,24984,R,20,R,419857,R,20993,R,53,R,1244340,R,23478,R,0,R,0,A,,R,0,R,0,A,,R,0,R,0,A,
1819,123961,R,144,R,4759344,R,33051,R,699,R,16169916,R,23133,R,843,R,20929260,R,24827,R,2,R,8750,R,4375,R,44,R,168182,R,3822,R,46,R,176932,R,3846
1819,126614,R,992,R,13415667,R,13524,R,135,R,1919103,R,14216,R,1127,R,15334770,R,13607,R,0,R,0,A,,R,0,R,0,A,,R,0,R,0,A,
1819,126775,R,142,R,2099486,R,14785,R,12,R,154943,R,12912,R,154,R,2254429,R,14639,R,2,R,8500,R,4250,R,1,R,4000,R,4000,R,3,R,12500,R,4167
1819,129020,R,125,R,1385911,R,11087,R,64,R,573344,R,8959,R,189,R,1959255,R,10366,R,7,R,15750,R,2250,R,0,R,0,A,,R,7,R,15750,R,2250
1819,130794,R,29,R,1335018,R,46035,R,70,R,2377664,R,33967,R,99,R,3712682,R,37502,R,0,R,0,A,,R,0,R,0,A,,R,0,R,0,A,
1819,130943,R,172,R,2045290,R,11891,R,36,R,392225,R,10895,R,208,R,2437515,R,11719,R,13,R,40250,R,3096,R,5,R,6000,R,1200,R,18,R,46250,R,2569
1819,131159,R,139,R,4682726,R,33689,R,342,R,6553555,R,19162,R,481,R,11236281,R,23360,R,0,R,0,A,,R,0,R,0,A,,R,0,R,0,A,
1819,131469,R,348,R,6906571,R,19846,R,827,R,13259501,R,16033,R,1175,R,20166072,R,17163,R,397,R,639363,R,1610,R,86,R,308381,R,3586,R,483,R,947744,R,1962
1819,131496,R,108,R,1638951,R,15175,R,846,R,13438220,R,15884,R,954,R,15077171,R,15804,R,1,R,1500,R,1500,R,29,R,75109,R,2590,R,30,R,76609,R,2554
1819,131520,R,83,R,1964693,R,23671,R,29,R,686459,R,23671,R,112,R,2651152,R,23671,R,0,R,0,A,,R,0,R,0,A,,R,0,R,0,A,
1819,133951,R,545,R,2156166,R,3956,R,182,R,1599528,R,8789,R,727,R,3755694,R,5166,R,91,R,230147,R,2529,R,15,R,55770,R,3718,R,106,R,285917,R,2697
1819,134097,R,509,R,2534438,R,4979,R,149,R,1128723,R,7575,R,658,R,3663161,R,5567,R,22,R,44827,R,2038,R,45,R,176067,R,3913,R,67,R,220894,R,3297
1819,134130,R,373,R,1832325,R,4912,R,251,R,3751650,R,14947,R,624,R,5583975,R,8949,R,16,R,19636,R,1227,R,40,R,140441,R,3511,R,56,R,160077,R,2859
1819,135726,R,128,R,3761847,R,29389,R,157,R,3324314,R,21174,R,285,R,7086161,R,24864,R,0,R,0,A,,R,0,R,0,A,,R,0,R,0,A,
1819,137351,R,944,R,4674642,R,4952,R,295,R,2512806,R,8518,R,1239,R,7187448,R,5801,R,88,R,250844,R,2851,R,69,R,309982,R,4492,R,157,R,560826,R,3572
1819,139658,R,41,R,883540,R,21550,R,93,R,2016631,R,21684,R,134,R,2900171,R,21643,R,0,R,0,A,,R,0,R,0,A,,R,0,R,0,A,
1819,139755,R,129,R,1021652,R,7920,R,131,R,1490625,R,11379,R,260,R,2512277,R,9663,R,2,R,4500,R,2250,R,120,R,270664,R,2256,R,122,R,275164,R,2255
1819,139959,R,243,R,1906049,R,7844,R,127,R,1898520,R,14949,R,370,R,3804569,R,10283,R,9,R,17095,R,1899,R,3,R,7000,R,2333,R,12,R,24095,R,2008
1819,144050,R,22,R,757852,R,34448,R,84,R,2093751,R,24926,R,106,R,2851603,R,26902,R,0,R,0,A,,R,0,R,0,A,,R,0,R,0,A,
1819,145600,R,194,R,2221822,R,11453,R,72,R,1382219,R,19197,R,266,R,3604041,R,13549,R,6,R,14130,R,2355,R,5,R,12380,R,2476,R,11,R,26510,R,2410
1819,145637,R,138,R,1938754,R,14049,R,83,R,875424,R,10547,R,221,R,2814178,R,12734,R,1,R,4000,R,4000,R,16,R,46296,R,2894,R,17,R,50296,R,2959
1819,147767,R,32,R,1061834,R,33182,R,195,R,4642161,R,23806,R,227,R,5703995,R,25128,R,0,R,0,A,,R,0,R,0,A,,R,0,R,0,A,
1819,151351,R,182,R,1728673,R,9498,R,179,R,2994611,R,16730,R,361,R,4723284,R,13084,R,24,R,94126,R,3922,R,23,R,63500,R,2761,R,47,R,157626,R,3354
1819,152080,R,64,R,2089555,R,32649,R,55,R,1301604,R,23666,R,119,R,3391159,R,28497,R,0,R,0,A,,R,0,R,0,A,,R,0,R,0,A,
1819,160472,R,0,R,0,A,,A,,A,,A,,R,0,R,0,A,,R,0,R,0,A,,A,,A,,A,,R,0,R,0,A,
1819,160755,R,93,R,1202134,R,12926,R,104,R,1697190,R,16319,R,197,R,2899324,R,14717,R,10,R,18633,R,1863,R,8,R,18800,R,2350,R,18,R,37433,R,2080
1819,162928,R,36,R,682579,R,18961,R,733,R,8355104,R,11399,R,769,R,9037683,R,11753,R,19,R,14250,R,750,R,119,R,517490,R,4349,R,138,R,531740,R,3853
1819,163286,R,462,R,4337817,R,9389,R,210,R,3957214,R,18844,R,672,R,8295031,R,12344,R,14,R,45550,R,3254,R,11,R,46500,R,4227,R,25,R,92050,R,3682
1819,164924,R,51,R,1148018,R,22510,R,49,R,1029783,R,21016,R,100,R,2177801,R,21778,R,0,R,0,A,,R,0,R,0,A,,R,0,R,0,A,
1819,164988,R,110,R,2138216,R,19438,R,218,R,2818599,R,12929,R,328,R,4956815,R,15112,R,0,R,0,A,,R,23,R,99670,R,4333,R,23,R,99670,R,4333
1819,165015,R,13,R,513601,R,39508,R,23,R,230740,R,10032,R,36,R,744341,R,20676,R,0,R,0,A,,R,0,R,0,A,,R,0,R,0,A,
1819,166027,R,71,R,1173168,R,16523,R,323,R,6755408,R,20915,R,394,R,7928576,R,20123,R,17,R,35913,R,2113,R,47,R,122150,R,2599,R,64,R,158063,R,2470
1819,166629,R,223,R,2678003,R,12009,R,71,R,528000,R,7437,R,294,R,3206003,R,10905,R,6,R,18250,R,3042,R,4,R,10250,R,2563,R,10,R,28500,R,2850
1819,166683,R,22,R,487465,R,22158,R,55,R,1531606,R,27847,R,77,R,2019071,R,26222,R,1,R,4000,R,4000,R,2,R,8500,R,4250,R,3,R,12500,R,4167
1819,167358,R,100,R,2801061,R,28011,R,44,R,910009,R,20682,R,144,R,3711070,R,25771,R,0,R,0,A,,R,5,R,22500,R,4500,R,5,R,22500,R,4500
1819,168148,R,19,R,482646,R,25402,R,62,R,1624607,R,26203,R,81,R,2107253,R,26015,R,0,R,0,A,,R,1,R,1875,R,1875,R,1,R,1875,R,1875
1819,168421,R,30,R,627332,R,20911,R,19,R,209372,R,11020,R,49,R,836704,R,17076,R,0,R,0,A,,R,14,R,63000,R,4500,R,14,R,63000,R,4500
1819,170976,R,169,R,2458317,R,14546,R,133,R,5662086,R,42572,R,302,R,8120403,R,26889,R,2,R,4500,R,2250,R,3,R,7750,R,2583,R,5,R,12250,R,2450
1819,171100,R,290,R,3661005,R,12624,R,149,R,1942015,R,13034,R,439,R,5603020,R,12763,R,8,R,28250,R,3531,R,39,R,119875,R,3074,R,47,R,148125,R,3152
1819,174066,R,332,R,4166440,R,12550,R,167,R,3968729,R,23765,R,499,R,8135169,R,16303,R,70,R,223125,R,3188,R,5,R,12325,R,2465,R,75,R,235450,R,3139
1819,179867,R,34,R,1058594,R,31135,R,146,R,2953484,R,20229,R,180,R,4012078,R,22289,R,1,R,1500,R,1500,R,2,R,4500,R,2250,R,3,R,6000,R,2000
1819,182670,R,52,R,1900221,R,36543,R,26,R,803438,R,30901,R,78,R,2703659,R,34662,R,0,R,0,A,,R,0,R,0,A,,R,0,R,0,A,
1819,185828,R,98,R,720477,R,7352,R,30,R,241740,R,8058,R,128,R,962217,R,7517,R,1,R,3000,R,3000,R,0,R,0,A,,R,1,R,3000,R,3000
1819,186131,R,15,R,339899,R,22660,R,4,R,39553,R,9888,R,19,R,379452,R,19971,R,0,R,0,A,,R,0,R,0,A,,R,0,R,0,A,
1819,186371,R,166,R,1053373,R,6346,R,79,R,702911,R,8898,R,245,R,1756284,R,7169,R,19,R,29000,R,1526,R,1,R,3371,R,3371,R,20,R,32371,R,1619
1819,186380,R,398,R,2530845,R,6359,R,118,R,783960,R,6644,R,516,R,3314805,R,6424,R,5,R,12000,R,2400,R,0,R,0,A,,R,5,R,12000,R,2400
1819,186399,R,165,R,1017186,R,6165,R,91,R,775692,R,8524,R,256,R,1792878,R,7003,R,2,R,4500,R,2250,R,0,R,0,A,,R,2,R,4500,R,2250
1819,186867,R,47,R,447223,R,9515,R,20,R,107655,R,5383,R,67,R,554878,R,8282,R,0,R,0,A,,R,0,R,0,A,,R,0,R,0,A,
1819,190415,R,98,R,4349357,R,44381,R,76,R,1578294,R,20767,R,174,R,5927651,R,34067,R,0,R,0,A,,R,0,R,0,A,,R,0,R,0,A,
1819,191241,R,242,R,5979549,R,24709,R,118,R,3052097,R,25865,R,360,R,9031646,R,25088,R,0,R,0,A,,R,3,R,3750,R,1250,R,3,R,3750,R,1250
1819,193900,R,214,R,5581843,R,26083,R,292,R,6077165,R,20812,R,506,R,11659008,R,23042,R,3,R,9530,R,3177,R,3,R,9000,R,3000,R,6,R,18530,R,3088
1819,194824,R,68,R,1479690,R,21760,R,1,R,23672,R,23672,R,69,R,1503362,R,21788,R,0,R,0,A,,R,0,R,0,A,,R,0,R,0,A,
1819,195003,R,163,R,4280220,R,26259,R,20,R,459615,R,22981,R,183,R,4739835,R,25901,R,0,R,0,A,,R,0,R,0,A,,R,0,R,0,A,
1819,195030,R,45,R,1403958,R,31199,R,22,R,356574,R,16208,R,67,R,1760532,R,26277,R,0,R,0,A,,R,0,R,0,A,,R,0,R,0,A,
1819,196079,R,0,R,0,A,,R,0,R,0,A,,R,0,R,0,A,,R,0,R,0,A,,R,0,R,0,A,,R,0,R,0,A,
1819,196088,R,137,R,1165990,R,8511,R,49,R,660071,R,13471,R,186,R,1826061,R,9818,R,0,R,0,A,,R,0,R,0,A,,R,0,R,0,A,
1819,196097,R,101,R,829257,R,8210,R,39,R,361672,R,9274,R,140,R,1190929,R,8507,R,4,R,8394,R,2099,R,2,R,2000,R,1000,R,6,R,10394,R,1732
1819,196413,R,201,R,5962708,R,29665,R,572,R,11383969,R,19902,R,773,R,17346677,R,22441,R,8,R,15500,R,1938,R,34,R,76500,R,2250,R,42,R,92000,R,2190
1819,197708,R,1,R,29688,R,29688,R,1,R,6687,R,6687,R,2,R,36375,R,18188,R,0,R,0,A,,R,0,R,0,A,,R,0,R,0,A,
1819,198419,R,34,R,827134,R,24327,R,116,R,1984942,R,17112,R,150,R,2812076,R,18747,R,0,R,0,A,,R,0,R,0,A,,R,0,R,0,A,
1819,199120,R,242,R,1969948,R,8140,R,570,R,18434511,R,32341,R,812,R,20404459,R,25129,R,3,R,9956,R,3319,R,7,R,14958,R,2137,R,10,R,24914,R,2491
1819,199193,R,458,R,3805425,R,8309,R,157,R,1683994,R,10726,R,615,R,5489419,R,8926,R,16,R,30408,R,1901,R,24,R,62250,R,2594,R,40,R,92658,R,2316
1819,199847,R,33,R,751000,R,22758,R,45,R,1075580,R,23902,R,78,R,1826580,R,23418,R,0,R,0,A,,R,0,R,0,A,,R,0,R,0,A,
1819,201645,R,25,R,698478,R,27939,R,48,R,1018845,R,21226,R,73,R,1717323,R,23525,R,0,R,0,A,,R,3,R,5125,R,1708,R,3,R,5125,R,1708
1819,204796,R,790,R,8184312,R,10360,R,148,R,3091286,R,20887,R,938,R,11275598,R,12021,R,12,R,27750,R,2313,R,0,R,0,A,,R,12,R,27750,R,2313
1819,211440,R,22,R,577603,R,26255,R,25,R,471184,R,18847,R,47,R,1048787,R,22315,R,0,R,0,A,,R,0,R,0,A,,R,0,R,0,A,
1819,212054,R,412,R,12773467,R,31004,R,266,R,3857320,R,14501,R,678,R,16630787,R,24529,R,4,R,7845,R,1961,R,9,R,19237,R,2137,R,13,R,27082,R,2083
1819,213543,R,12,R,118761,R,9897,R,1,R,2000,R,2000,R,13,R,120761,R,9289,R,0,R,0,A,,R,0,R,0,A,,R,0,R,0,A,
1819,214777,R,2283,R,29512618,R,12927,R,803,R,8411530,R,10475,R,3086,R,37924148,R,12289,R,870,R,2207721,R,2538,R,194,R,404915,R,2087,R,1064,R,2612636,R,2455
1819,215062,R,33,R,785972,R,23817,R,121,R,3536868,R,29230,R,154,R,4322840,R,28070,R,0,R,0,A,,R,0,R,0,A,,R,0,R,0,A,
1819,215293,R,281,R,4583691,R,16312,R,75,R,1526201,R,20349,R,356,R,6109892,R,17163,R,2,R,6250,R,3125,R,2,R,6250,R,3125,R,4,R,12500,R,3125
1819,216597,R,39,R,561930,R,14408,R,180,R,2248053,R,12489,R,219,R,2809983,R,12831,R,0,R,0,A,,R,0,R,0,A,,R,0,R,0,A,
1819,217156,R,33,R,1556994,R,47182,R,6,R,240458,R,40076,R,39,R,1797452,R,46089,R,0,R,0,A,,R,1,R,2500,R,2500,R,1,R,2500,R,2500
1819,217882,R,405,R,5586523,R,13794,R,61,R,604558,R,9911,R,466,R,6191081,R,13286,R,12,R,52752,R,4396,R,11,R,47023,R,4275,R,23,R,99775,R,4338
1819,217925,R,32,R,381965,R,11936,R,47,R,278660,R,5929,R,79,R,660625,R,8362,R,0,R,0,A,,R,3,R,6750,R,2250,R,3,R,6750,R,2250
1819,221999,R,24,R,615354,R,25640,R,101,R,2610499,R,25847,R,125,R,3225853,R,25807,R,0,R,0,A,,R,0,R,0,A,,R,0,R,0,A,
1819,223232,R,392,R,11712558,R,29879,R,129,R,1718110,R,13319,R,521,R,13430668,R,25779,R,0,R,0,A,,R,0,R,0,A,,R,0,R,0,A,
1819,227757,R,22,R,691272,R,31421,R,57,R,1971226,R,34583,R,79,R,2662498,R,33703,R,0,R,0,A,,R,0,R,0,A,,R,0,R,0,A,
1819,228246,R,89,R,2718202,R,30542,R,132,R,2131438,R,16147,R,221,R,4849640,R,21944,R,1,R,4000,R,4000,R,10,R,20000,R,2000,R,11,R,24000,R,2182
1819,228723,R,1041,R,9871549,R,9483,R,296,R,3706586,R,12522,R,1337,R,13578135,R,10156,R,12,R,44144,R,3679,R,21,R,61166,R,2913,R,33,R,105310,R,3191
1819,228778,R,520,R,4613944,R,8873,R,119,R,2013683,R,16922,R,639,R,6627627,R,10372,R,4,R,9500,R,2375,R,2,R,3750,R,1875,R,6,R,13250,R,2208
1819,228875,R,378,R,12166764,R,32187,R,59,R,1380057,R,23391,R,437,R,13546821,R,31000,R,0,R,0,A,,R,0,R,0,A,,R,0,R,0,A,
1819,231624,R,206,R,3944690,R,19149,R,157,R,3089153,R,19676,R,363,R,7033843,R,19377,R,1,R,1750,R,1750,R,10,R,24000,R,2400,R,11,R,25750,R,2341
1819,234076,R,278,R,3996529,R,14376,R,195,R,9242267,R,47396,R,473,R,13238796,R,27989,R,2,R,5964,R,2982,R,0,R,0,A,,R,2,R,5964,R,2982
1819,236948,R,453,R,4516907,R,9971,R,316,R,6912402,R,21875,R,769,R,11429309,R,14863,R,12,R,35243,R,2937,R,5,R,11933,R,2387,R,17,R,47176,R,2775
1819,239105,R,56,R,1137544,R,20313,R,28,R,467920,R,16711,R,84,R,1605464,R,19113,R,1,R,2500,R,2500,R,0,R,0,A,,R,1,R,2500,R,2500
1819,240444,R,203,R,1707580,R,8412,R,98,R,1350293,R,13779,R,301,R,3057873,R,10159,R,3,R,1250,R,417,R,0,R,0,A,,R,3,R,1250,R,417
1819,243744,R,30,R,851185,R,28373,R,67,R,1919668,R,28652,R,97,R,2770853,R,28565,R,0,R,0,A,,R,0,R,0,A,,R,0,R,0,A,
1819,243780,R,249,R,2224259,R,8933,R,136,R,1250636,R,9196,R,385,R,3474895,R,9026,R,27,R,80082,R,2966,R,32,R,97748,R,3055,R,59,R,177830,R,3014
1819,445188,R,5,R,39269,R,7854,R,1,R,452,R,452,R,6,R,39721,R,6620,R,0,R,0,A,,R,0,R,0,A,,R,0,R,0,A,
1920,100858,R,693,R,7638556,R,11022,R,105,R,1102170,R,10497,R,798,R,8740726,R,10953,R,16,R,44500,R,2781,R,18,R,58450,R,3247,R,34,R,102950,R,3028
1920,110404,R,2,R,25963,R,12982,R,0,R,0,A,,R,2,R,25963,R,12982,R,0,R,0,A,,R,0,R,0,A,,R,0,R,0,A,
1920,110635,R,124,R,1497034,R,12073,R,137,R,6310885,R,46065,R,261,R,7807919,R,29915,R,0,R,0,A,,R,0,R,0,A,,R,0,R,0,A,
1920,110644,R,70,R,901150,R,12874,R,49,R,1659305,R,33863,R,119,R,2560455,R,21516,R,3,R,8758,R,2919,R,1,R,4310,R,4310,R,4,R,13068,R,3267
1920,110653,R,86,R,940451,R,10935,R,52,R,1761798,R,33881,R,138,R,2702249,R,19582,R,0,R,0,A,,R,0,R,0,A,,R,0,R,0,A,
1920,110662,R,115,R,988718,R,8598,R,138,R,7390752,R,53556,R,253,R,8379470,R,33120,R,0,R,0,A,,R,0,R,0,A,,R,0,R,0,A,
1920,110671,R,75,R,769578,R,10261,R,13,R,279385,R,21491,R,88,R,1048963,R,11920,R,2,R,8640,R,4320,R,2,R,8201,R,4101,R,4,R,16841,R,4210
1920,110680,R,143,R,4054493,R,28353,R,57,R,2351440,R,41253,R,200,R,6405933,R,32030,R,0,R,0,A,,R,0,R,0,A,,R,0,R,0,A,
1920,110705,R,47,R,437162,R,9301,R,4,R,49899,R,12475,R,51,R,487061,R,9550,R,0,R,0,A,,R,0,R,0,A,,R,0,R,0,A,
1920,110714,R,47,R,436307,R,9283,R,5,R,39437,R,7887,R,52,R,475744,R,9149,R,0,R,0,A,,R,0,R,0,A,,R,0,R,0,A,
1920,121150,R,77,R,149347,R,1940,R,49,R,139177,R,2840,R,126,R,288524,R,2290,R,0,R,0,A,,R,0,R,0,A,,R,0,R,0,A,
1920,122931,R,35,R,1003732,R,28678,R,28,R,597171,R,21328,R,63,R,1600903,R,25411,R,0,R,0,A,,R,0,R,0,A,,R,0,R,0,A,
1920,123961,R,155,R,5468471,R,35280,R,668,R,14822304,R,22189,R,823,R,20290775,R,24655,R,1,R,4000,R,4000,R,29,R,62684,R,2162,R,30,R,66684,R,2223
1920,126614,R,1048,R,14232321,R,13580,R,125,R,1772800,R,14182,R,1173,R,16005121,R,13645,R,0,R,0,A,,R,0,R,0,A,,R,0,R,0,A,
1920,126775,R,152,R,2318704,R,15255,R,15,R,166142,R,11076,R,167,R,2484846,R,14879,R,0,R,0,A,,R,0,R,0,A,,R,0,R,0,A,
1920,129020,R,256,R,2660381,R,10392,R,154,R,1211768,R,7869,R,410,R,3872149,R,9444,R,3,R,9750,R,3250,R,1,R,750,R,750,R,4,R,10500,R,2625
1920,130794,R,30,R,956402,R,31880,R,68,R,1732716,R,25481,R,98,R,2689118,R,27440,R,0,R,0,A,,R,0,R,0,A,,R,0,R,0,A,
1920,130943,R,172,R,2101766,R,12220,R,46,R,438065,R,9523,R,218,R,2539831,R,11651,R,21,R,70831,R,3373,R,2,R,4000,R,2000,R,23,R,74831,R,3254
1920,131159,R,142,R,4449263,R,31333,R,366,R,7737281,R,21140,R,508,R,12186544,R,23989,R,0,R,0,A,,R,45,R,103027,R,2289,R,45,R,103027,R,2289
1920,131469,R,332,R,6801957,R,20488,R,740,R,12247899,R,16551,R,1072,R,19049856,R,17770,R,276,R,440180,R,1595,R,60,R,207093,R,3452,R,336,R,647273,R,1926
1920,131496,R,85,R,1549551,R,18230,R,832,R,14769188,R,17751,R,917,R,16318739,R,17796,R,1,R,2250,R,2250,R,30,R,57828,R,1928,R,31,R,60078,R,1938
1920,131520,R,111,R,2389354,R,21526,R,36,R,918999,R,25528,R,147,R,3308353,R,22506,R,0,R,0,A,,R,0,R,0,A,,R,0,R,0,A,
1920,133951,R,553,R,2180072,R,3942,R,182,R,1570378,R,8628,R,735,R,3750450,R,5103,R,72,R,141433,R,1964,R,16,R,65465,R,4092,R,88,R,206898,R,2351
1920,134097,R,482,R,2429491,R,5040,R,214,R,1723186,R,8052,R,696,R,4152677,R,5966,R,20,R,38502,R,1925,R,50,R,132161,R,2643,R,70,R,170663,R,2438
1920,134130,R,346,R,1789077,R,5171,R,261,R,4256902,R,16310,R,607,R,6045979,R,9960,R,84,R,90945,R,1083,R,46,R,128261,R,2788,R,130,R,219206,R,1686
1920,135726,R,120,R,3407365,R,28395,R,139,R,2936771,R,21128,R,259,R,6344136,R,24495,R,0,R,0,A,,R,0,R,0,A,,R,0,R,0,A,
1920,137351,R,1111,R,5150883,R,4636,R,285,R,2254471,R,7910,R,1396,R,7405354,R,5305,R,44,R,71533,R,1626,R,25,R,55751,R,2230,R,69,R,127284,R,1845
1920,139658,R,44,R,1187751,R,26994,R,86,R,1811915,R,21069,R,130,R,2999666,R,23074,R,0,R,0,A,,R,0,R,0,A,,R,0,R,0,A,
1920,139755,R,130,R,1127753,R,8675,R,163,R,1820543,R,11169,R,293,R,2948296,R,10062,R,1,R,2250,R,2250,R,115,R,295907,R,2573,R,116,R,298157,R,2570
1920,139959,R,230,R,1744891,R,7586,R,165,R,1605943,R,9733,R,395,R,3350834,R,8483,R,5,R,13200,R,2640,R,11,R,19500,R,1773,R,16,R,32700,R,2044
1920,144050,R,30,R,1142700,R,38090,R,90,R,2641153,R,29346,R,120,R,3783853,R,31532,R,0,R,0,A,,R,0,R,0,A,,R,0,R,0,A,
1920,145600,R,190,R,2095720,R,11030,R,59,R,1089087,R,18459,R,249,R,3184807,R,12790,R,3,R,10750,R,3583,R,3,R,10250,R,3417,R,6,R,21000,R,3500
1920,145637,R,117,R,1588988,R,13581,R,99,R,834240,R,8427,R,216,R,2423228,R,11219,R,3,R,5634,R,1878,R,25,R,68247,R,2730,R,28,R,73881,R,2639
1920,147767,R,43,R,1395446,R,32452,R,171,R,4416221,R,25826,R,214,R,5811667,R,27157,R,0,R,0,A,,R,0,R,0,A,,R,0,R,0,A,
1920,151351,R,189,R,1829931,R,9682,R,175,R,3060721,R,17490,R,364,R,4890652,R,13436,R,27,R,108868,R,4032,R,21,R,54500,R,2595,R,48,R,163368,R,3404
1920,152080,R,65,R,2169585,R,33378,R,58,R,1524474,R,26284,R,123,R,3694059,R,30033,R,0,R,0,A,,R,0,R,0,A,,R,0,R,0,A,
1920,160472,R,0,R,0,A,,A,,A,,A,,R,0,R,0,A,,R,0,R,0,A,,A,,A,,A,,R,0,R,0,A,
1920,160755,R,64,R,948719,R,14824,R,114,R,1952308,R,17126,R,178,R,2901027,R,16298,R,5,R,12299,R,2460,R,9,R,19562,R,2174,R,14,R,31861,R,2276
1920,162928,R,40,R,859979,R,21499,R,788,R,9667706,R,12269,R,828,R,10527685,R,12715,R,0,R,0,A,,R,103,R,463500,R,4500,R,103,R,463500,R,4500
1920,163286,R,425,R,4098592,R,9644,R,192,R,4205618,R,21904,R,617,R,8304210,R,13459,R,20,R,54297,R,2715,R,12,R,25500,R,2125,R,32,R,79797,R,2494
1920,164924,R,51,R,1193621,R,23404,R,57,R,1128328,R,19795,R,108,R,2321949,R,21500,R,1,R,1000,R,1000,R,2,R,2250,R,1125,R,3,R,3250,R,1083
1920,164988,R,98,R,1831965,R,18694,R,210,R,2603331,R,12397,R,308,R,4435296,R,14400,R,3,R,7840,R,2613,R,28,R,120420,R,4301,R,31,R,128260,R,4137
1920,165015,R,14,R,552060,R,39433,R,17,R,225694,R,13276,R,31,R,777754,R,25089,R,0,R,0,A,,R,0,R,0,A,,R,0,R,0,A,
1920,166027,R,83,R,1443321,R,17389,R,346,R,6468446,R,18695,R,429,R,7911767,R,18442,R,13,R,25000,R,1923,R,52,R,104500,R,2010,R,65,R,129500,R,1992
1920,166629,R,201,R,2577728,R,12825,R,72,R,517357,R,7186,R,273,R,3095085,R,11337,R,7,R,22500,R,3214,R,4,R,6250,R,1563,R,11,R,28750,R,2614
1920,166683,R,24,R,599776,R,24991,R,49,R,1408937,R,28754,R,73,R,2008713,R,27517,R,0,R,0,A,,R,0,R,0,A,,R,0,R,0,A,
1920,167358,R,94,R,2567909,R,27318,R,45,R,904855,R,20108,R,139,R,3472764,R,24984,R,0,R,0,A,,R,7,R,31500,R,4500,R,7,R,31500,R,4500
1920,168148,R,14,R,361731,R,25838,R,52,R,1467070,R,28213,R,66,R,1828801,R,27709,R,0,R,0,A,,R,2,R,9000,R,4500,R,2,R,9000,R,4500
1920,168421,R,31,R,652513,R,21049,R,20,R,221846,R,11092,R,51,R,874359,R,17144,R,0,R,0,A,,R,0,R,0,A,,R,0,R,0,A,
1920,170976,R,183,R,2922085,R,15968,R,134,R,5879755,R,43879,R,317,R,8801840,R,27766,R,3,R,8500,R,2833,R,4,R,7125,R,1781,R,7,R,15625,R,2232
1920,171100,R,318,R,4285418,R,13476,R,167,R,2405657,R,14405,R,485,R,6691075,R,13796,R,18,R,52500,R,2917,R,35,R,103174,R,2948,R,53,R,155674,R,2937
1920,174066,R,330,R,4279839,R,12969,R,153,R,3798684,R,24828,R,483,R,8078523,R,16726,R,67,R,207625,R,3099,R,4,R,8601,R,2150,R,71,R,216226,R,3045
1920,179867,R,39,R,1238872,R,31766,R,102,R,2424013,R,23765,R,141,R,3662885,R,25978,R,0,R,0,A,,R,6,R,7315,R,1219,R,6,R,7315,R,1219
1920,182670,R,54,R,2021272,R,37431,R,32,R,1007637,R,31489,R,86,R,3028909,R,35220,R,0,R,0,A,,R,0,R,0,A,,R,0,R,0,A,
1920,185828,R,114,R,936712,R,8217,R,30,R,233158,R,7772,R,144,R,1169870,R,8124,R,6,R,18250,R,3042,R,2,R,3750,R,1875,R,8,R,22000,R,2750
1920,186131,R,12,R,309245,R,25770,R,5,R,78302,R,15660,R,17,R,387547,R,22797,R,0,R,0,A,,R,0,R,0,A,,R,0,R,0,A,
1920,186371,R,195,R,1235346,R,6335,R,86,R,768089,R,8931,R,281,R,2003435,R,7130,R,2,R,5250,R,2625,R,0,R,0,A,,R,2,R,5250,R,2625
1920,186380,R,386,R,2903813,R,7523,R,96,R,612899,R,6384,R,482,R,3516712,R,7296,R,5,R,14680,R,2936,R,2,R,3000,R,1500,R,7,R,17680,R,2526
1920,186399,R,139,R,775493,R,5579,R,106,R,1161830,R,10961,R,245,R,1937323,R,7907,R,4,R,4500,R,1125,R,3,R,6250,R,2083,R,7,R,10750,R,1536
1920,186867,R,17,R,372923,R,21937,R,15,R,275272,R,18351,R,32,R,648195,R,20256,R,0,R,0,A,,R,0,R,0,A,,R,0,R,0,A,
1920,190415,R,99,R,3162789,R,31947,R,93,R,2216631,R,23835,R,192,R,5379420,R,28018,R,0,R,0,A,,R,0,R,0,A,,R,0,R,0,A,
1920,191241,R,244,R,6291960,R,25787,R,148,R,3674391,R,24827,R,392,R,9966351,R,25424,R,2,R,2500,R,1250,R,2,R,4750,R,2375,R,4,R,7250,R,1813
1920,193900,R,209,R,4549854,R,21770,R,300,R,6076659,R,20256,R,509,R,10626513,R,20877,R,6,R,24250,R,4042,R,6,R,13500,R,2250,R,12,R,37750,R,3146
1920,194824,R,69,R,2396727,R,34735,R,3,R,107395,R,35798,R,72,R,2504122,R,34779,R,0,R,0,A,,R,0,R,0,A,,R,0,R,0,A,
1920,195003,R,172,R,4671638,R,27161,R,21,R,425551,R,20264,R,193,R,5097189,R,26410,R,1,R,4000,R,4000,R,0,R,0,A,,R,1,R,4000,R,4000
1920,195030,R,57,R,1980804,R,34751,R,16,R,310938,R,19434,R,73,R,2291742,R,31394,R,0,R,0,A,,R,0,R,0,A,,R,0,R,0,A,
1920,196079,R,0,R,0,A,,R,0,R,0,A,,R,0,R,0,A,,R,0,R,0,A,,R,0,R,0,A,,R,0,R,0,A,
1920,196088,R,145,R,1173354,R,8092,R,63,R,717672,R,11392,R,208,R,1891026,R,9091,R,0,R,0,A,,R,0,R,0,A,,R,0,R,0,A,
1920,196097,R,105,R,906732,R,8636,R,33,R,375051,R,11365,R,138,R,1281783,R,9288,R,3,R,6000,R,2000,R,3,R,5396,R,1799,R,6,R,11396,R,1899
1920,196413,R,243,R,7259906,R,29876,R,529,R,11028302,R,20847,R,772,R,18288208,R,23689,R,29,R,76000,R,2621,R,24,R,55376,R,2307,R,53,R,131376,R,2479
1920,197708,R,1,R,5212,R,5212,R,1,R,7565,R,7565,R,2,R,12777,R,6389,R,0,R,0,A,,R,0,R,0,A,,R,0,R,0,A,
1920,198419,R,30,R,639623,R,21321,R,85,R,951289,R,11192,R,115,R,1590912,R,13834,R,0,R,0,A,,R,0,R,0,A,,R,0,R,0,A,
1920,199120,R,241,R,2014963,R,8361,R,533,R,17121953,R,32124,R,774,R,19136916,R,24725,R,3,R,4309,R,1436,R,5,R,13380,R,2676,R,8,R,17689,R,2211
1920,199193,R,436,R,3890488,R,8923,R,183,R,2184784,R,11939,R,619,R,6075272,R,9815,R,10,R,34380,R,3438,R,21,R,45764,R,2179,R,31,R,80144,R,2585
1920,199847,R,41,R,964179,R,23517,R,46,R,1115962,R,24260,R,87,R,2080141,R,23910,R,0,R,0,A,,R,0,R,0,A,,R,0,R,0,A,
1920,201645,R,27,R,771047,R,28557,R,47,R,1190599,R,25332,R,74,R,1961646,R,26509,R,0,R,0,A,,R,2,R,3375,R,1688,R,2,R,3375,R,1688
1920,204796,R,844,R,8454802,R,10018,R,140,R,2586381,R,18474,R,984,R,11041183,R,11221,R,30,R,88602,R,2953,R,5,R,11750,R,2350,R,35,R,100352,R,2867
1920,211440,R,22,R,598158,R,27189,R,64,R,1385550,R,21649,R,86,R,1983708,R,23066,R,0,R,0,A,,R,1,R,2000,R,2000,R,1,R,2000,R,2000
1920,212054,R,365,R,11989548,R,32848,R,227,R,3424345,R,15085,R,592,R,15413893,R,26037,R,2,R,3167,R,1584,R,5,R,16120,R,3224,R,7,R,19287,R,2755
1920,213543,R,14,R,116578,R,8327,R,3,R,4212,R,1404,R,17,R,120790,R,7105,R,0,R,0,A,,R,0,R,0,A,,R,0,R,0,A,
1920,215062,R,37,R,872918,R,23592,R,118,R,3622637,R,30700,R,155,R,4495555,R,29004,R,0,R,0,A,,R,0,R,0,A,,R,0,R,0,A,
1920,215293,R,278,R,4912646,R,17671,R,67,R,1384417,R,20663,R,345,R,6297063,R,18252,R,3,R,13500,R,4500,R,2,R,8500,R,4250,R,5,R,22000,R,4400
1920,216597,R,35,R,939139,R,26833,R,104,R,1264799,R,12162,R,139,R,2203938,R,15856,R,0,R,0,A,,R,0,R,0,A,,R,0,R,0,A,
1920,217156,R,38,R,1800424,R,47380,R,22,R,582902,R,26496,R,60,R,2383326,R,39722,R,0,R,0,A,,R,0,R,0,A,,R,0,R,0,A,
1920,217882,R,412,R,6028049,R,14631,R,75,R,882895,R,11772,R,487,R,6910944,R,14191,R,14,R,55000,R,3929,R,12,R,40317,R,3360,R,26,R,95317,R,3666
1920,217925,R,21,R,305386,R,14542,R,33,R,183205,R,5552,R,54,R,488591,R,9048,R,0,R,0,A,,R,4,R,10500,R,2625,R,4,R,10500,R,2625
1920,221999,R,26,R,682081,R,26234,R,139,R,3691243,R,26556,R,165,R,4373324,R,26505,R,0,R,0,A,,R,0,R,0,A,,R,0,R,0,A,
1920,223232,R,394,R,10633445,R,26988,R,202,R,3032812,R,15014,R,596,R,13666257,R,22930,R,0,R,0,A,,R,0,R,0,A,,R,0,R,0,A,
1920,227757,R,20,R,639074,R,31954,R,71,R,2255781,R,31772,R,91,R,2894855,R,31812,R,0,R,0,A,,R,0,R,0,A,,R,0,R,0,A,
1920,228246,R,85,R,2605846,R,30657,R,113,R,1993398,R,17641,R,198,R,4599244,R,23229,R,0,R,0,A,,R,9,R,15750,R,1750,R,9,R,15750,R,1750
1920,228723,R,1009,R,9698525,R,9612,R,290,R,3719327,R,12825,R,1299,R,13417852,R,10329,R,19,R,51956,R,2735,R,15,R,34004,R,2267,R,34,R,85960,R,2528
1920,228778,R,461,R,3881491,R,8420,R,133,R,2789212,R,20972,R,594,R,6670703,R,11230,R,7,R,24441,R,3492,R,29,R,130094,R,4486,R,36,R,154535,R,4293
1920,228875,R,343,R,11389389,R,33205,R,63,R,1430521,R,22707,R,406,R,12819910,R,31576,R,0,R,0,A,,R,0,R,0,A,,R,0,R,0,A,
1920,231624,R,192,R,3857451,R,20091,R,172,R,3658855,R,21272,R,364,R,7516306,R,20649,R,0,R,0,A,,R,15,R,43500,R,2900,R,15,R,43500,R,2900
1920,234076,R,298,R,4635197,R,15554,R,221,R,10240101,R,46335,R,519,R,14875298,R,28661,R,0,R,0,A,,R,2,R,3000,R,1500,R,2,R,3000,R,1500
1920,236948,R,428,R,4143284,R,9681,R,307,R,6979774,R,22735,R,735,R,11123058,R,15133,R,9,R,23937,R,2660,R,5,R,9805,R,1961,R,14,R,33742,R,2410
1920,239105,R,56,R,1073359,R,19167,R,31,R,534028,R,17227,R,87,R,1607387,R,18476,R,1,R,4000,R,4000,R,0,R,0,A,,R,1,R,4000,R,4000
1920,240444,R,200,R,2210180,R,11051,R,105,R,1669683,R,15902,R,305,R,3879863,R,12721,R,0,R,0,A,,R,2,R,2750,R,1375,R,2,R,2750,R,1375
1920,243744,R,40,R,1061535,R,26538,R,73,R,1912523,R,26199,R,113,R,2974058,R,26319,R,0,R,0,A,,R,0,R,0,A,,R,0,R,0,A,
1920,243780,R,264,R,2397834,R,9083,R,144,R,1288074,R,8945,R,408,R,3685908,R,9034,R,44,R,159584,R,3627,R,34,R,96776,R,2846,R,78,R,256360,R,3287
1920,445188,R,4,R,14507,R,3627,R,0,R,0,A,,R,4,R,14507,R,3627,R,0,R,0,A,,R,0,R,0,A,,R,0,R,0,A,
2021,100858,R,689,R,8181149,R,11874,R,132,R,1683629,R,12755,R,821,R,9864778,R,12016,R,13,R,40250,R,3096,R,20,R,66350,R,3318,R,33,R,106600,R,3230
2021,110404,R,1,R,27162,R,27162,R,0,R,0,A,,R,1,R,27162,R,27162,R,0,R,0,A,,R,0,R,0,A,,R,0,R,0,A,
2021,110635,R,106,R,1558861,R,14706,R,161,R,7498137,R,46572,R,267,R,9056998,R,33921,R,0,R,0,A,,R,0,R,0,A,,R,0,R,0,A,
2021,110644,R,57,R,614043,R,10773,R,61,R,2542968,R,41688,R,118,R,3157011,R,26754,R,7,R,19782,R,2826,R,3,R,5666,R,1889,R,10,R,25448,R,2545
2021,110653,R,68,R,641429,R,9433,R,55,R,1946571,R,35392,R,123,R,2588000,R,21041,R,0,R,0,A,,R,0,R,0,A,,R,0,R,0,A,
2021,110662,R,136,R,1284938,R,9448,R,159,R,8342850,R,52471,R,295,R,9627788,R,32637,R,0,R,0,A,,R,0,R,0,A,,R,0,R,0,A,
2021,110671,R,64,R,681416,R,10647,R,20,R,340305,R,17015,R,84,R,1021721,R,12163,R,0,R,0,A,,R,0,R,0,A,,R,0,R,0,A,
2021,110680,R,134,R,1793147,R,13382,R,77,R,1794367,R,23303,R,211,R,3587514,R,17002,R,0,R,0,A,,R,0,R,0,A,,R,0,R,0,A,
2021,110705,R,40,R,418447,R,10461,R,6,R,93880,R,15647,R,46,R,512327,R,11138,R,0,R,0,A,,R,0,R,0,A,,R,0,R,0,A,
2021,110714,R,39,R,372934,R,9562,R,3,R,24385,R,8128,R,42,R,397319,R,9460,R,0,R,0,A,,R,0,R,0,A,,R,0,R,0,A,
2021,121150,R,0,R,0,A,,R,0,R,0,A,,R,0,R,0,A,,R,0,R,0,A,,R,0,R,0,A,,R,0,R,0,A,
2021,122931,R,36,R,1072536,R,29793,R,29,R,743401,R,25635,R,65,R,1815937,R,27937,R,0,R,0,A,,R,0,R,0,A,,R,0,R,0,A,
2021,123961,R,158,R,5773685,R,36542,R,689,R,16829683,R,24426,R,847,R,22603368,R,26686,R,0,R,0,A,,R,32,R,74343,R,2323,R,32,R,74343,R,2323
2021,126614,R,1003,R,14043009,R,14001,R,110,R,1733201,R,15756,R,1113,R,15776210,R,14174,R,0,R,0,A,,R,0,R,0,A,,R,0,R,0,A,
2021,126775,R,131,R,2110689,R,16112,R,23,R,280046,R,12176,R,154,R,2390735,R,15524,R,1,R,2250,R,2250,R,0,R,0,A,,R,1,R,2250,R,2250
2021,129020,R,133,R,2705801,R,20344,R,76,R,1114923,R,14670,R,209,R,3820724,R,18281,R,4,R,10750,R,2688,R,2,R,3000,R,1500,R,6,R,13750,R,2292
2021,130794,R,28,R,1002763,R,35813,R,83,R,2720204,R,32774,R,111,R,3722967,R,33540,R,0,R,0,A,,R,0,R,0,A,,R,0,R,0,A,
2021,130943,R,187,R,2409563,R,12885,R,38,R,465520,R,12251,R,225,R,2875083,R,12778,R,9,R,23362,R,2596,R,5,R,8000,R,1600,R,14,R,31362,R,2240
2021,131159,R,128,R,4074099,R,31829,R,349,R,7321055,R,20977,R,477,R,11395154,R,23889,R,2,R,6875,R,3438,R,44,R,171419,R,3896,R,46,R,178294,R,3876
2021,131469,R,313,R,6365731,R,20338,R,755,R,13122627,R,17381,R,1068,R,19488358,R,18248,R,208,R,294142,R,1414,R,61,R,212984,R,3492,R,269,R,507126,R,1885
2021,131496,R,64,R,1398251,R,21848,R,652,R,12453033,R,19100,R,716,R,13851284,R,19345,R,1,R,2250,R,2250,R,27,R,62650,R,2320,R,28,R,64900,R,2318
2021,131520,R,31,R,513341,R,16559,R,73,R,1264897,R,17327,R,104,R,1778238,R,17098,R,0,R,0,A,,R,0,R,0,A,,R,0,R,0,A,
2021,133951,R,558,R,2192508,R,3929,R,217,R,1724549,R,7947,R,775,R,3917057,R,5054,R,124,R,260527,R,2101,R,22,R,69247,R,3148,R,146,R,329774,R,2259
2021,134097,R,423,R,2040909,R,4825,R,247,R,2178111,R,8818,R,670,R,4219020,R,6297,R,24,R,75387,R,3141,R,95,R,377901,R,3978,R,119,R,453288,R,3809
2021,134130,R,316,R,1596337,R,5052,R,344,R,5094257,R,14809,R,660,R,6690594,R,10137,R,14,R,22840,R,1631,R,80,R,255051,R,3188,R,94,R,277891,R,2956
2021,135726,R,130,R,3820705,R,29390,R,128,R,2933197,R,22916,R,258,R,6753902,R,26178,R,0,R,0,A,,R,0,R,0,A,,R,0,R,0,A,
2021,137351,R,977,R,4984479,R,5102,R,269,R,2290981,R,8517,R,1246,R,7275460,R,5839,R,40,R,74588,R,1865,R,35,R,77529,R,2215,R,75,R,152117,R,2028
2021,139658,R,55,R,1333155,R,24239,R,112,R,2241420,R,20013,R,167,R,3574575,R,21405,R,0,R,0,A,,R,0,R,0,A,,R,0,R,0,A,
2021,139755,R,138,R,1122394,R,8133,R,185,R,1911715,R,10334,R,323,R,3034109,R,9394,R,4,R,16370,R,4093,R,234,R,657141,R,2808,R,238,R,673511,R,2830
2021,139959,R,213,R,1422726,R,6679,R,141,R,2113491,R,14989,R,354,R,3536217,R,9989,R,4,R,10425,R,2606,R,5,R,7750,R,1550,R,9,R,18175,R,2019
2021,144050,R,58,R,2290748,R,39496,R,128,R,4102894,R,32054,R,186,R,6393642,R,34374,R,0,R,0,A,,R,2,R,7419,R,3710,R,2,R,7419,R,3710
2021,145600,R,189,R,2125182,R,11244,R,67,R,1078158,R,16092,R,256,R,3203340,R,12513,R,4,R,5250,R,1313,R,3,R,7750,R,2583,R,7,R,13000,R,1857
2021,145637,R,114,R,1349787,R,11840,R,111,R,895158,R,8064,R,225,R,2244945,R,9978,R,3,R,11500,R,3833,R,28,R,79987,R,2857,R,31,R,91487,R,2951
2021,147767,R,61,R,1934082,R,31706,R,118,R,2769855,R,23473,R,179,R,4703937,R,26279,R,0,R,0,A,,R,0,R,0,A,,R,0,R,0,A,
2021,151351,R,188,R,1890924,R,10058,R,199,R,3457297,R,17373,R,387,R,5348221,R,13820,R,30,R,119769,R,3992,R,21,R,45500,R,2167,R,51,R,165269,R,3241
2021,152080,R,70,R,2577002,R,36814,R,56,R,1713732,R,30602,R,126,R,4290734,R,34053,R,0,R,0,A,,R,0,R,0,A,,R,0,R,0,A,
2021,160472,R,0,R,0,A,,A,,A,,A,,R,0,R,0,A,,R,0,R,0,A,,A,,A,,A,,R,0,R,0,A,
2021,160755,R,58,R,987086,R,17019,R,135,R,2340623,R,17338,R,193,R,3327709,R,17242,R,3,R,8250,R,2750,R,8,R,14250,R,1781,R,11,R,22500,R,2045
2021,162928,R,45,R,896410,R,19920,R,894,R,10603820,R,11861,R,939,R,11500230,R,12247,R,0,R,0,A,,R,115,R,517500,R,4500,R,115,R,517500,R,4500
2021,163286,R,441,R,4301662,R,9754,R,240,R,4721732,R,19674,R,681,R,9023394,R,13250,R,33,R,92900,R,2815,R,15,R,36500,R,2433,R,48,R,129400,R,2696
2021,164924,R,38,R,892215,R,23479,R,62,R,1143791,R,18448,R,100,R,2036006,R,20360,R,1,R,1750,R,1750,R,2,R,6750,R,3375,R,3,R,8500,R,2833
2021,164988,R,104,R,1516028,R,14577,R,182,R,2355249,R,12941,R,286,R,3871277,R,13536,R,3,R,10000,R,3333,R,13,R,33500,R,2577,R,16,R,43500,R,2719
2021,165015,R,10,R,414043,R,41404,R,14,R,229236,R,16374,R,24,R,643279,R,26803,R,0,R,0,A,,R,0,R,0,A,,R,0,R,0,A,
2021,166027,R,79,R,1307057,R,16545,R,360,R,7138410,R,19829,R,439,R,8445467,R,19238,R,17,R,38760,R,2280,R,39,R,95430,R,2447,R,56,R,134190,R,2396
2021,166629,R,193,R,2607792,R,13512,R,74,R,638621,R,8630,R,267,R,3246413,R,12159,R,1,R,2000,R,2000,R,1,R,2250,R,2250,R,2,R,4250,R,2125
2021,166683,R,25,R,604237,R,24169,R,51,R,1689197,R,33122,R,76,R,2293434,R,30177,R,0,R,0,A,,R,0,R,0,A,,R,0,R,0,A,
2021,167358,R,103,R,3276728,R,31813,R,48,R,1064617,R,22180,R,151,R,4341345,R,28751,R,0,R,0,A,,R,6,R,23353,R,3892,R,6,R,23353,R,3892
2021,168148,R,21,R,447166,R,21294,R,59,R,1324575,R,22450,R,80,R,1771741,R,22147,R,0,R,0,A,,R,1,R,4500,R,4500,R,1,R,4500,R,4500
2021,168421,R,36,R,791467,R,21985,R,18,R,238265,R,13237,R,54,R,1029732,R,19069,R,0,R,0,A,,R,0,R,0,A,,R,0,R,0,A,
2021,170976,R,190,R,2899777,R,15262,R,169,R,6500684,R,38466,R,359,R,9400461,R,26185,R,5,R,20250,R,4050,R,5,R,8938,R,1788,R,10,R,29188,R,2919
2021,171100,R,313,R,4064248,R,12985,R,177,R,2769860,R,15649,R,490,R,6834108,R,13947,R,18,R,51300,R,2850,R,26,R,58429,R,2247,R,44,R,109729,R,2494
2021,174066,R,282,R,3489442,R,12374,R,143,R,4025574,R,28151,R,425,R,7515016,R,17682,R,53,R,154250,R,2910,R,8,R,15104,R,1888,R,61,R,169354,R,2776
2021,179867,R,43,R,1460514,R,33965,R,90,R,2099701,R,23330,R,133,R,3560215,R,26769,R,0,R,0,A,,R,0,R,0,A,,R,0,R,0,A,
2021,182670,R,40,R,1570598,R,39265,R,33,R,1226678,R,37172,R,73,R,2797276,R,38319,R,0,R,0,A,,R,0,R,0,A,,R,0,R,0,A,
2021,185828,R,151,R,818886,R,5423,R,51,R,359690,R,7053,R,202,R,1178576,R,5835,R,10,R,22750,R,2275,R,9,R,13500,R,1500,R,19,R,36250,R,1908
2021,186131,R,6,R,148839,R,24807,R,0,R,0,A,,R,6,R,148839,R,24807,R,0,R,0,A,,R,0,R,0,A,,R,0,R,0,A,
2021,186371,R,170,R,1057857,R,6223,R,72,R,591766,R,8219,R,242,R,1649623,R,6817,R,1,R,750,R,750,R,0,R,0,A,,R,1,R,750,R,750
2021,186380,R,353,R,2198260,R,6227,R,99,R,646282,R,6528,R,452,R,2844542,R,6293,R,3,R,1826,R,609,R,5,R,7250,R,1450,R,8,R,9076,R,1135
2021,186399,R,177,R,955111,R,5396,R,77,R,733071,R,9520,R,254,R,1688182,R,6646,R,0,R,0,A,,R,0,R,0,A,,R,0,R,0,A,
2021,186867,R,17,R,385116,R,22654,R,24,R,311499,R,12979,R,41,R,696615,R,16991,R,0,R,0,A,,R,0,R,0,A,,R,0,R,0,A,
2021,190415,R,104,R,3331011,R,32029,R,102,R,2539455,R,24897,R,206,R,5870466,R,28497,R,0,R,0,A,,R,0,R,0,A,,R,0,R,0,A,
2021,191241,R,204,R,5257169,R,25770,R,124,R,3342166,R,26953,R,328,R,8599335,R,26217,R,1,R,1500,R,1500,R,2,R,3000,R,1500,R,3,R,4500,R,1500
2021,193900,R,218,R,4804450,R,22039,R,322,R,6176175,R,19181,R,540,R,10980625,R,20334,R,2,R,2500,R,1250,R,5,R,9188,R,1838,R,7,R,11688,R,1670
2021,194824,R,65,R,2351050,R,36170,R,5,R,153438,R,30688,R,70,R,2504488,R,35778,R,0,R,0,A,,R,0,R,0,A,,R,0,R,0,A,
2021,195003,R,148,R,4102386,R,27719,R,17,R,346289,R,20370,R,165,R,4448675,R,26962,R,1,R,1500,R,1500,R,1,R,2250,R,2250,R,2,R,3750,R,1875
2021,195030,R,63,R,2009781,R,31901,R,16,R,361054,R,22566,R,79,R,2370835,R,30011,R,0,R,0,A,,R,0,R,0,A,,R,0,R,0,A,
2021,196079,R,0,R,0,A,,R,0,R,0,A,,R,0,R,0,A,,R,0,R,0,A,,R,0,R,0,A,,R,0,R,0,A,
2021,196088,R,128,R,1059366,R,8276,R,73,R,715258,R,9798,R,201,R,1774624,R,8829,R,0,R,0,A,,R,0,R,0,A,,R,0,R,0,A,
2021,196097,R,104,R,999754,R,9613,R,28,R,253790,R,9064,R,132,R,1253544,R,9497,R,5,R,13496,R,2699,R,4,R,5132,R,1283,R,9,R,18628,R,2070
2021,196413,R,223,R,6831869,R,30636,R,479,R,9554532,R,19947,R,702,R,16386401,R,23342,R,45,R,89667,R,1993,R,22,R,46250,R,2102,R,67,R,135917,R,2029
2021,197708,R,1,R,2509,R,2509,R,1,R,824,R,824,R,2,R,3333,R,1667,R,0,R,0,A,,R,0,R,0,A,,R,0,R,0,A,
2021,198419,R,18,R,497422,R,27635,R,109,R,835335,R,7664,R,127,R,1332757,R,10494,R,0,R,0,A,,R,0,R,0,A,,R,0,R,0,A,
2021,199120,R,217,R,1837648,R,8468,R,552,R,18504194,R,33522,R,769,R,20341842,R,26452,R,1,R,4500,R,4500,R,3,R,6625,R,2208,R,4,R,11125,R,2781
2021,199193,R,444,R,3807378,R,8575,R,222,R,2395001,R,10788,R,666,R,6202379,R,9313,R,8,R,21398,R,2675,R,19,R,66605,R,3506,R,27,R,88003,R,3259
2021,199847,R,41,R,1021295,R,24910,R,52,R,1029174,R,19792,R,93,R,2050469,R,22048,R,0,R,0,A,,R,0,R,0,A,,R,0,R,0,A,
2021,201645,R,26,R,826587,R,31792,R,52,R,1262386,R,24277,R,78,R,2088973,R,26782,R,0,R,0,A,,R,3,R,9000,R,3000,R,3,R,9000,R,3000
2021,204796,R,799,R,6633130,R,8302,R,126,R,2695970,R,21397,R,925,R,9329100,R,10086,R,26,R,73528,R,2828,R,4,R,15973,R,3993,R,30,R,89501,R,2983
2021,211440,R,19,R,490767,R,25830,R,50,R,704352,R,14087,R,69,R,1195119,R,17321,R,0,R,0,A,,R,4,R,18000,R,4500,R,4,R,18000,R,4500
2021,212054,R,289,R,6852233,R,23710,R,204,R,2367652,R,11606,R,493,R,9219885,R,18702,R,2,R,4000,R,2000,R,5,R,20697,R,4139,R,7,R,24697,R,3528
2021,213543,R,16,R,161942,R,10121,R,0,R,0,A,,R,16,R,161942,R,10121,R,0,R,0,A,,R,0,R,0,A,,R,0,R,0,A,
2021,215062,R,28,R,721272,R,25760,R,157,R,4864509,R,30984,R,185,R,5585781,R,30193,R,0,R,0,A,,R,0,R,0,A,,R,0,R,0,A,
2021,215293,R,261,R,4661039,R,17858,R,76,R,1762823,R,23195,R,337,R,6423862,R,19062,R,4,R,13250,R,3313,R,0,R,0,A,,R,4,R,13250,R,3313
2021,216597,R,51,R,1077561,R,21129,R,136,R,1088510,R,8004,R,187,R,2166071,R,11583,R,0,R,0,A,,R,3,R,3750,R,1250,R,3,R,3750,R,1250
2021,217156,R,45,R,2460915,R,54687,R,4,R,129111,R,32278,R,49,R,2590026,R,52858,R,0,R,0,A,,R,0,R,0,A,,R,0,R,0,A,
2021,217882,R,419,R,5929033,R,14150,R,78,R,918607,R,11777,R,497,R,6847640,R,13778,R,6,R,25000,R,4167,R,13,R,31750,R,2442,R,19,R,56750,R,2987
2021,217925,R,17,R,257184,R,15128,R,39,R,217861,R,5586,R,56,R,475045,R,8483,R,3,R,8500,R,2833,R,5,R,6000,R,1200,R,8,R,14500,R,1813
2021,221999,R,18,R,388533,R,21585,R,156,R,3661050,R,23468,R,174,R,4049583,R,23273,R,0,R,0,A,,R,0,R,0,A,,R,0,R,0,A,
2021,223232,R,92,R,2069108,R,22490,R,189,R,2307023,R,12206,R,281,R,4376131,R,15573,R,0,R,0,A,,R,0,R,0,A,,R,0,R,0,A,
2021,227757,R,21,R,802221,R,38201,R,106,R,3080153,R,29058,R,127,R,3882374,R,30570,R,0,R,0,A,,R,0,R,0,A,,R,0,R,0,A,
2021,228246,R,79,R,2834392,R,35878,R,106,R,2043653,R,19280,R,185,R,4878045,R,26368,R,1,R,2750,R,2750,R,7,R,18250,R,2607,R,8,R,21000,R,2625
2021,228723,R,1036,R,10345016,R,9986,R,303,R,4429889,R,14620,R,1339,R,14774905,R,11034,R,16,R,48734,R,3046,R,22,R,71449,R,3248,R,38,R,120183,R,3163
2021,228778,R,389,R,2004967,R,5154,R,128,R,1482194,R,11580,R,517,R,3487161,R,6745,R,1,R,4250,R,4250,R,12,R,51109,R,4259,R,13,R,55359,R,4258
2021,228875,R,321,R,11298271,R,35197,R,80,R,1798983,R,22487,R,401,R,13097254,R,32661,R,0,R,0,A,,R,0,R,0,A,,R,0,R,0,A,
2021,231624,R,199,R,4089791,R,20552,R,200,R,4124657,R,20623,R,399,R,8214448,R,20588,R,0,R,0,A,,R,13,R,57833,R,4449,R,13,R,57833,R,4449
2021,234076,R,304,R,4655621,R,15315,R,247,R,11907747,R,48210,R,551,R,16563368,R,30061,R,0,R,0,A,,R,4,R,4500,R,1125,R,4,R,4500,R,1125
2021,236948,R,398,R,4089489,R,10275,R,309,R,7369962,R,23851,R,707,R,11459451,R,16209,R,10,R,21446,R,2145,R,13,R,26022,R,2002,R,23,R,47468,R,2064
2021,239105,R,51,R,1057398,R,20733,R,42,R,790409,R,18819,R,93,R,1847807,R,19869,R,2,R,8750,R,4375,R,1,R,4000,R,4000,R,3,R,12750,R,4250
2021,240444,R,195,R,2404179,R,12329,R,103,R,1738796,R,16882,R,298,R,4142975,R,13903,R,0,R,0,A,,R,0,R,0,A,,R,0,R,0,A,
2021,243744,R,32,R,947548,R,29611,R,89,R,2454700,R,27581,R,121,R,3402248,R,28118,R,0,R,0,A,,R,0,R,0,A,,R,0,R,0,A,
2021,243780,R,268,R,2619995,R,9776,R,136,R,1583400,R,11643,R,404,R,4203395,R,10404,R,57,R,175680,R,3082,R,46,R,127059,R,2762,R,103,R,302739,R,2939
2021,445188,R,4,R,40691,R,10173,R,1,R,169,R,169,R,5,R,40860,R,8172,R,0,R,0,A,,R,0,R,0,A,,R,0,R,0,A,
2122,100858,R,688,R,7541962,R,10962,R,147,R,1999152,R,13600,R,835,R,9541114,R,11426,R,20,R,69672,R,3484,R,25,R,56200,R,2248,R,45,R,125872,R,2797
2122,110404,R,4,R,28043,R,7011,R,0,R,0,A,,R,4,R,28043,R,7011,R,0,R,0,A,,R,0,R,0,A,,R,0,R,0,A,
2122,110635,R,104,R,1445069,R,13895,R,160,R,7793509,R,48709,R,264,R,9238578,R,34995,R,0,R,0,A,,R,0,R,0,A,,R,0,R,0,A,
2122,110644,R,62,R,825769,R,13319,R,57,R,2612843,R,45839,R,119,R,3438612,R,28896,R,5,R,14580,R,2916,R,4,R,10333,R,2583,R,9,R,24913,R,2768
2122,110653,R,54,R,482497,R,8935,R,58,R,2131744,R,36754,R,112,R,2614241,R,23341,R,0,R,0,A,,R,0,R,0,A,,R,0,R,0,A,
2122,110662,R,106,R,930777,R,8781,R,167,R,8416392,R,50398,R,273,R,9347169,R,34239,R,0,R,0,A,,R,0,R,0,A,,R,0,R,0,A,
2122,110671,R,61,R,1659437,R,27204,R,19,R,693495,R,36500,R,80,R,2352932,R,29412,R,0,R,0,A,,R,0,R,0,A,,R,0,R,0,A,
2122,110680,R,121,R,1471932,R,12165,R,84,R,2757215,R,32824,R,205,R,4229147,R,20630,R,0,R,0,A,,R,0,R,0,A,,R,0,R,0,A,
2122,110705,R,28,R,336597,R,12021,R,4,R,103737,R,25934,R,32,R,440334,R,13760,R,2,R,8260,R,4130,R,0,R,0,A,,R,2,R,8260,R,4130
2122,110714,R,29,R,297525,R,10259,R,4,R,57399,R,14350,R,33,R,354924,R,10755,R,0,R,0,A,,R,0,R,0,A,,R,0,R,0,A,
2122,121150,R,0,R,0,A,,R,0,R,0,A,,R,0,R,0,A,,R,0,R,0,A,,R,0,R,0,A,,R,0,R,0,A,
2122,122931,R,30,R,907763,R,30259,R,28,R,652376,R,23299,R,58,R,1560139,R,26899,R,0,R,0,A,,R,0,R,0,A,,R,0,R,0,A,
2122,123961,R,189,R,6972139,R,36890,R,600,R,15382254,R,25637,R,789,R,22354393,R,28333,R,0,R,0,A,,R,50,R,127235,R,2545,R,50,R,127235,R,2545
2122,126614,R,968,R,13480241,R,13926,R,115,R,1950773,R,16963,R,1083,R,15431014,R,14248,R,8,R,15533,R,1942,R,2,R,1900,R,950,R,10,R,17433,R,1743
2122,126775,R,120,R,1790086,R,14917,R,9,R,127466,R,14163,R,129,R,1917552,R,14865,R,0,R,0,A,,R,0,R,0,A,,R,0,R,0,A,
2122,129020,R,148,R,4695406,R,31726,R,97,R,2822072,R,29094,R,245,R,7517478,R,30684,R,4,R,15250,R,3813,R,4,R,10000,R,2500,R,8,R,25250,R,3156
2122,130794,R,23,R,638968,R,27781,R,68,R,2087510,R,30699,R,91,R,2726478,R,29961,R,0,R,0,A,,R,0,R,0,A,,R,0,R,0,A,
2122,130943,R,200,R,2751284,R,13756,R,40,R,614328,R,15358,R,240,R,3365612,R,14023,R,27,R,115113,R,4263,R,5,R,6000,R,1200,R,32,R,121113,R,3785
2122,131159,R,136,R,4403503,R,32379,R,316,R,6033951,R,19095,R,452,R,10437454,R,23092,R,1,R,1000,R,1000,R,43,R,144679,R,3365,R,44,R,145679,R,3311
2122,131469,R,286,R,6598300,R,23071,R,662,R,11453214,R,17301,R,948,R,18051514,R,19042,R,134,R,238062,R,1777,R,48,R,156250,R,3255,R,182,R,394312,R,2167
2122,131496,R,60,R,1360411,R,22674,R,762,R,15392793,R,20201,R,822,R,16753204,R,20381,R,0,R,0,A,,R,38,R,74082,R,1950,R,38,R,74082,R,1950
2122,131520,R,168,R,3835782,R,22832,R,62,R,1194737,R,19270,R,230,R,5030519,R,21872,R,0,R,0,A,,R,0,R,0,A,,R,0,R,0,A,
2122,133951,R,364,R,2558323,R,7028,R,168,R,1926620,R,11468,R,532,R,4484943,R,8430,R,37,R,82710,R,2235,R,5,R,19098,R,3820,R,42,R,101808,R,2424
2122,134097,R,393,R,2220859,R,5651,R,256,R,1853033,R,7238,R,649,R,4073892,R,6277,R,20,R,31385,R,1569,R,102,R,404737,R,3968,R,122,R,436122,R,3575
2122,134130,R,273,R,1217139,R,4458,R,371,R,5358828,R,14444,R,644,R,6575967,R,10211,R,13,R,24977,R,1921,R,95,R,278831,R,2935,R,108,R,303808,R,2813
2122,135726,R,138,R,4295632,R,31128,R,148,R,3504638,R,23680,R,286,R,7800270,R,27274,R,0,R,0,A,,R,0,R,0,A,,R,0,R,0,A,
2122,137351,R,907,R,4580815,R,5051,R,234,R,2087491,R,8921,R,1141,R,6668306,R,5844,R,28,R,52380,R,1871,R,24,R,63978,R,2666,R,52,R,116358,R,2238
2122,139658,R,43,R,1300804,R,30251,R,116,R,2476660,R,21351,R,159,R,3777464,R,23758,R,0,R,0,A,,R,0,R,0,A,,R,0,R,0,A,
2122,139755,R,150,R,1333395,R,8889,R,160,R,1463839,R,9149,R,310,R,2797234,R,9023,R,6,R,15120,R,2520,R,198,R,572801,R,2893,R,204,R,587921,R,2882
2122,139959,R,222,R,1572620,R,7084,R,149,R,2075439,R,13929,R,371,R,3648059,R,9833,R,3,R,9073,R,3024,R,8,R,9000,R,1125,R,11,R,18073,R,1643
2122,144050,R,78,R,3135958,R,40205,R,136,R,4740615,R,34857,R,214,R,7876573,R,36806,R,0,R,0,A,,R,0,R,0,A,,R,0,R,0,A,
2122,145600,R,207,R,2239167,R,10817,R,74,R,1253238,R,16936,R,281,R,3492405,R,12428,R,21,R,83014,R,3953,R,4,R,9500,R,2375,R,25,R,92514,R,3701
2122,145637,R,122,R,1617242,R,13256,R,123,R,895774,R,7283,R,245,R,2513016,R,10257,R,5,R,19250,R,3850,R,39,R,102890,R,2638,R,44,R,122140,R,2776
2122,147767,R,61,R,1962746,R,32176,R,113,R,2618629,R,23174,R,174,R,4581375,R,26330,R,0,R,0,A,,R,0,R,0,A,,R,0,R,0,A,
2122,151351,R,201,R,1864170,R,9274,R,202,R,3393383,R,16799,R,403,R,5257553,R,13046,R,49,R,199012,R,4061,R,31,R,65751,R,2121,R,80,R,264763,R,3310
2122,152080,R,78,R,2925615,R,37508,R,53,R,1639721,R,30938,R,131,R,4565336,R,34850,R,0,R,0,A,,R,0,R,0,A,,R,0,R,0,A,
2122,160472,R,0,R,0,A,,A,,A,,A,,R,0,R,0,A,,R,0,R,0,A,,A,,A,,A,,R,0,R,0,A,
2122,160755,R,49,R,870091,R,17757,R,106,R,1718888,R,16216,R,155,R,2588979,R,16703,R,1,R,4500,R,4500,R,6,R,16408,R,2735,R,7,R,20908,R,2987
2122,162928,R,29,R,750342,R,25874,R,835,R,12540487,R,15019,R,864,R,13290829,R,15383,R,0,R,0,A,,R,69,R,310500,R,4500,R,69,R,310500,R,4500
2122,163286,R,462,R,4520934,R,9786,R,223,R,4461094,R,20005,R,685,R,8982028,R,13112,R,22,R,64635,R,2938,R,13,R,24500,R,1885,R,35,R,89135,R,2547
2122,164924,R,38,R,776538,R,20435,R,78,R,1492455,R,19134,R,116,R,2268993,R,19560,R,0,R,0,A,,R,7,R,23750,R,3393,R,7,R,23750,R,3393
2122,164988,R,101,R,1682103,R,16654,R,167,R,2452628,R,14686,R,268,R,4134731,R,15428,R,2,R,5000,R,2500,R,16,R,41570,R,2598,R,18,R,46570,R,2587
2122,165015,R,12,R,426715,R,35560,R,11,R,181648,R,16513,R,23,R,608363,R,26451,R,0,R,0,A,,R,0,R,0,A,,R,0,R,0,A,
2122,166027,R,90,R,1944430,R,21605,R,357,R,7696778,R,21560,R,447,R,9641208,R,21569,R,14,R,40640,R,2903,R,41,R,87500,R,2134,R,55,R,128140,R,2330
2122,166629,R,174,R,2133474,R,12261,R,73,R,584906,R,8012,R,247,R,2718380,R,11006,R,5,R,7000,R,1400,R,10,R,29750,R,2975,R,15,R,36750,R,2450
2122,166683,R,26,R,721243,R,27740,R,57,R,2159476,R,37886,R,83,R,2880719,R,34707,R,0,R,0,A,,R,0,R,0,A,,R,0,R,0,A,
2122,167358,R,102,R,3048869,R,29891,R,66,R,1445670,R,21904,R,168,R,4494539,R,26753,R,0,R,0,A,,R,16,R,54550,R,3409,R,16,R,54550,R,3409
2122,168148,R,25,R,931275,R,37251,R,98,R,2623588,R,26771,R,123,R,3554863,R,28901,R,1,R,3500,R,3500,R,3,R,6000,R,2000,R,4,R,9500,R,2375
2122,168421,R,36,R,1065476,R,29597,R,25,R,179840,R,7194,R,61,R,1245316,R,20415,R,0,R,0,A,,R,0,R,0,A,,R,0,R,0,A,
2122,170976,R,197,R,3101950,R,15746,R,181,R,6755865,R,37325,R,378,R,9857815,R,26079,R,8,R,30250,R,3781,R,6,R,10000,R,1667,R,14,R,40250,R,2875
2122,171100,R,274,R,3351586,R,12232,R,153,R,2323152,R,15184,R,427,R,5674738,R,13290,R,49,R,147280,R,3006,R,27,R,82250,R,3046,R,76,R,229530,R,3020
2122,174066,R,298,R,3559250,R,11944,R,136,R,3178410,R,23371,R,434,R,6737660,R,15525,R,7,R,17000,R,2429,R,4,R,10261,R,2565,R,11,R,27261,R,2478
2122,179867,R,33,R,1163422,R,35255,R,82,R,1836309,R,22394,R,115,R,2999731,R,26085,R,0,R,0,A,,R,2,R,1500,R,750,R,2,R,1500,R,750
2122,182670,R,49,R,1683788,R,34363,R,39,R,1460994,R,37461,R,88,R,3144782,R,35736,R,0,R,0,A,,R,0,R,0,A,,R,0,R,0,A,
2122,185828,R,91,R,530229,R,5827,R,26,R,204677,R,7872,R,117,R,734906,R,6281,R,8,R,17750,R,2219,R,6,R,16488,R,2748,R,14,R,34238,R,2446
2122,186131,R,9,R,243556,R,27062,R,0,R,0,A,,R,9,R,243556,R,27062,R,0,R,0,A,,R,0,R,0,A,,R,0,R,0,A,
2122,186371,R,162,R,1076073,R,6642,R,68,R,756805,R,11129,R,230,R,1832878,R,7969,R,10,R,16000,R,1600,R,0,R,0,A,,R,10,R,16000,R,1600
2122,186380,R,332,R,2292194,R,6904,R,117,R,783133,R,6693,R,449,R,3075327,R,6849,R,0,R,0,A,,R,5,R,6750,R,1350,R,5,R,6750,R,1350
2122,186399,R,170,R,1113763,R,6552,R,73,R,741931,R,10163,R,243,R,1855694,R,7637,R,0,R,0,A,,R,0,R,0,A,,R,0,R,0,A,
2122,186867,R,22,R,581530,R,26433,R,24,R,379068,R,15795,R,46,R,960598,R,20883,R,0,R,0,A,,R,0,R,0,A,,R,0,R,0,A,
2122,190415,R,118,R,4038017,R,34220,R,108,R,2750697,R,25469,R,226,R,6788714,R,30039,R,0,R,0,A,,R,0,R,0,A,,R,0,R,0,A,
2122,191241,R,163,R,3895708,R,23900,R,113,R,3161103,R,27974,R,276,R,7056811,R,25568,R,2,R,7750,R,3875,R,2,R,4500,R,2250,R,4,R,12250,R,3063
2122,193900,R,203,R,4657890,R,22945,R,277,R,5665192,R,20452,R,480,R,10323082,R,21506,R,1,R,1000,R,1000,R,8,R,6000,R,750,R,9,R,7000,R,778
2122,194824,R,54,R,1977617,R,36623,R,9,R,206451,R,22939,R,63,R,2184068,R,34668,R,0,R,0,A,,R,0,R,0,A,,R,0,R,0,A,
2122,195003,R,132,R,3485088,R,26402,R,17,R,301567,R,17739,R,149,R,3786655,R,25414,R,0,R,0,A,,R,0,R,0,A,,R,0,R,0,A,
2122,195030,R,51,R,1719028,R,33706,R,27,R,537999,R,19926,R,78,R,2257027,R,28936,R,0,R,0,A,,R,0,R,0,A,,R,0,R,0,A,
2122,196079,R,37,R,273056,R,7380,R,9,R,72660,R,8073,R,46,R,345716,R,7516,R,2,R,6210,R,3105,R,2,R,1000,R,500,R,4,R,7210,R,1803
2122,196088,R,142,R,1057113,R,7444,R,69,R,932242,R,13511,R,211,R,1989355,R,9428,R,0,R,0,A,,R,0,R,0,A,,R,0,R,0,A,
2122,196097,R,106,R,1088639,R,10270,R,33,R,498607,R,15109,R,139,R,1587246,R,11419,R,10,R,29285,R,2929,R,4,R,11500,R,2875,R,14,R,40785,R,2913
2122,196413,R,233,R,6993964,R,30017,R,434,R,8817965,R,20318,R,667,R,15811929,R,23706,R,65,R,188750,R,2904,R,45,R,111750,R,2483,R,110,R,300500,R,2732
2122,197708,R,0,R,0,A,,R,2,R,5321,R,2661,R,2,R,5321,R,2661,R,0,R,0,A,,R,0,R,0,A,,R,0,R,0,A,
2122,198419,R,18,R,576853,R,32047,R,120,R,1473584,R,12280,R,138,R,2050437,R,14858,R,0,R,0,A,,R,0,R,0,A,,R,0,R,0,A,
2122,199120,R,231,R,1921834,R,8320,R,567,R,19020593,R,33546,R,798,R,20942427,R,26244,R,2,R,1199,R,600,R,5,R,15750,R,3150,R,7,R,16949,R,2421
2122,199193,R,412,R,3354172,R,8141,R,163,R,1672249,R,10259,R,575,R,5026421,R,8742,R,7,R,17326,R,2475,R,22,R,73877,R,3358,R,29,R,91203,R,3145
2122,199847,R,42,R,1062264,R,25292,R,91,R,1564391,R,17191,R,133,R,2626655,R,19749,R,0,R,0,A,,R,0,R,0,A,,R,0,R,0,A,
2122,201645,R,28,R,892977,R,31892,R,53,R,1314273,R,24798,R,81,R,2207250,R,27250,R,0,R,0,A,,R,0,R,0,A,,R,0,R,0,A,
2122,204796,R,686,R,6954269,R,10137,R,113,R,2706403,R,23950,R,799,R,9660672,R,12091,R,41,R,141770,R,3458,R,6,R,11375,R,1896,R,47,R,153145,R,3258
2122,211440,R,28,R,877658,R,31345,R,54,R,1103241,R,20430,R,82,R,1980899,R,24157,R,0,R,0,A,,R,3,R,10000,R,3333,R,3,R,10000,R,3333
2122,212054,R,276,R,8296180,R,30059,R,240,R,4061788,R,16924,R,516,R,12357968,R,23950,R,1,R,1485,R,1485,R,3,R,3135,R,1045,R,4,R,4620,R,1155
2122,213543,R,20,R,243061,R,12153,R,0,R,0,A,,R,20,R,243061,R,12153,R,0,R,0,A,,R,0,R,0,A,,R,0,R,0,A,
2122,214777,R,624,R,10701406,R,17150,R,44,R,1306452,R,29692,R,668,R,12007858,R,17976,R,18,R,78000,R,4333,R,2,R,5750,R,2875,R,20,R,83750,R,4188
2122,215062,R,25,R,706044,R,28242,R,149,R,4624278,R,31035,R,174,R,5330322,R,30634,R,0,R,0,A,,R,0,R,0,A,,R,0,R,0,A,
2122,215293,R,266,R,4656364,R,17505,R,65,R,1617777,R,24889,R,331,R,6274141,R,18955,R,2,R,7375,R,3688,R,2,R,5000,R,2500,R,4,R,12375,R,3094
2122,216597,R,49,R,1575052,R,32144,R,48,R,786588,R,16387,R,97,R,2361640,R,24347,R,0,R,0,A,,R,0,R,0,A,,R,0,R,0,A,
2122,217156,R,62,R,3409777,R,54996,R,33,R,1158561,R,35108,R,95,R,4568338,R,48088,R,0,R,0,A,,R,1,R,4500,R,4500,R,1,R,4500,R,4500
2122,217882,R,427,R,6256829,R,14653,R,81,R,997403,R,12314,R,508,R,7254232,R,14280,R,15,R,60500,R,4033,R,23,R,80006,R,3479,R,38,R,140506,R,3698
2122,217925,R,16,R,220284,R,13768,R,35,R,186606,R,5332,R,51,R,406890,R,7978,R,5,R,14953,R,2991,R,10,R,18000,R,1800,R,15,R,32953,R,2197
2122,221999,R,25,R,507036,R,20281,R,163,R,3661405,R,22463,R,188,R,4168441,R,22173,R,0,R,0,A,,R,0,R,0,A,,R,0,R,0,A,
2122,223232,R,441,R,10766143,R,24413,R,239,R,4303617,R,18007,R,680,R,15069760,R,22161,R,0,R,0,A,,R,0,R,0,A,,R,0,R,0,A,
2122,227757,R,23,R,646027,R,28088,R,117,R,3079135,R,26317,R,140,R,3725162,R,26608,R,0,R,0,A,,R,0,R,0,A,,R,0,R,0,A,
2122,228246,R,81,R,2972499,R,36698,R,119,R,2519714,R,21174,R,200,R,5492213,R,27461,R,1,R,3500,R,3500,R,6,R,11750,R,1958,R,7,R,15250,R,2179
2122,228723,R,973,R,10050529,R,10329,R,301,R,3938573,R,13085,R,1274,R,13989102,R,10980,R,25,R,71139,R,2846,R,16,R,50000,R,3125,R,41,R,121139,R,2955
2122,228778,R,402,R,3879572,R,9651,R,129,R,3198083,R,24791,R,531,R,7077655,R,13329,R,11,R,26250,R,2386,R,36,R,134412,R,3734,R,47,R,160662,R,3418
2122,228875,R,284,R,9988649,R,35171,R,73,R,1693991,R,23205,R,357,R,11682640,R,32724,R,0,R,0,A,,R,0,R,0,A,,R,0,R,0,A,
2122,231624,R,205,R,4199204,R,20484,R,209,R,4164323,R,19925,R,414,R,8363527,R,20202,R,0,R,0,A,,R,19,R,66221,R,3485,R,19,R,66221,R,3485
2122,234076,R,295,R,4960543,R,16815,R,259,R,11180488,R,43168,R,554,R,16141031,R,29135,R,6,R,12000,R,2000,R,6,R,25000,R,4167,R,12,R,37000,R,3083
2122,236948,R,408,R,4145006,R,10159,R,318,R,7649788,R,24056,R,726,R,11794794,R,16246,R,9,R,30223,R,3358,R,15,R,41182,R,2745,R,24,R,71405,R,2975
2122,239105,R,53,R,1051615,R,19842,R,44,R,712799,R,16200,R,97,R,1764414,R,18190,R,0,R,0,A,,R,3,R,4000,R,1333,R,3,R,4000,R,1333
2122,240444,R,212,R,1771622,R,8357,R,98,R,1650837,R,16845,R,310,R,3422459,R,11040,R,3,R,9500,R,3167,R,2,R,4750,R,2375,R,5,R,14250,R,2850
2122,243744,R,48,R,1311338,R,27320,R,98,R,2415461,R,24648,R,146,R,3726799,R,25526,R,0,R,0,A,,R,0,R,0,A,,R,0,R,0,A,
2122,243780,R,292,R,2809640,R,9622,R,143,R,1450167,R,10141,R,435,R,4259807,R,9793,R,81,R,281876,R,3480,R,48,R,108551,R,2261,R,129,R,390427,R,3027
2122,445188,R,6,R,34693,R,5782,R,0,R,0,A,,R,6,R,34693,R,5782,R,0,R,0,A,,R,0,R,0,A,,R,0,R,0,A,
2223,100858,R,711,R,7984413,R,11230,R,152,R,1963609,R,12918,R,863,R,9948022,R,11527,R,24,R,74000,R,3083,R,24,R,50000,R,2083,R,48,R,124000,R,2583
2223,110404,R,5,R,42576,R,8515,R,0,R,0,A,,R,5,R,42576,R,8515,R,0,R,0,A,,R,0,R,0,A,,R,0,R,0,A,
2223,110635,R,96,R,1188609,R,12381,R,128,R,6142617,R,47989,R,224,R,7331226,R,32729,R,0,R,0,A,,R,0,R,0,A,,R,0,R,0,A,
2223,110644,R,54,R,591284,R,10950,R,67,R,2404365,R,35886,R,121,R,2995649,R,24757,R,0,R,0,A,,R,1,R,500,R,500,R,1,R,500,R,500
2223,110653,R,34,R,313002,R,9206,R,63,R,2782731,R,44170,R,97,R,3095733,R,31915,R,0,R,0,A,,R,0,R,0,A,,R,0,R,0,A,
2223,110662,R,126,R,1124105,R,8921,R,156,R,7102455,R,45529,R,282,R,8226560,R,29172,R,0,R,0,A,,R,0,R,0,A,,R,0,R,0,A,
2223,110671,R,66,R,554171,R,8397,R,14,R,335830,R,23988,R,80,R,890001,R,11125,R,0,R,0,A,,R,1,R,667,R,667,R,1,R,667,R,667
2223,110680,R,131,R,1555980,R,11878,R,68,R,2086092,R,30678,R,199,R,3642072,R,18302,R,0,R,0,A,,R,0,R,0,A,,R,0,R,0,A,
2223,110705,R,38,R,1175609,R,30937,R,4,R,222898,R,55725,R,42,R,1398507,R,33298,R,1,R,4483,R,4483,R,0,R,0,A,,R,1,R,4483,R,4483
2223,110714,R,32,R,281850,R,8808,R,7,R,72735,R,10391,R,39,R,354585,R,9092,R,0,R,0,A,,R,0,R,0,A,,R,0,R,0,A,
2223,121150,R,0,R,0,A,,R,0,R,0,A,,R,0,R,0,A,,R,0,R,0,A,,R,0,R,0,A,,R,0,R,0,A,
2223,122931,R,25,R,453397,R,18136,R,21,R,815990,R,38857,R,46,R,1269387,R,27595,R,0,R,0,A,,R,0,R,0,A,,R,0,R,0,A,
2223,123961,R,199,R,7054212,R,35448,R,612,R,15569758,R,25441,R,811,R,22623970,R,27896,R,0,R,0,A,,R,15,R,33706,R,2247,R,15,R,33706,R,2247
2223,126614,R,963,R,13982826,R,14520,R,128,R,2044599,R,15973,R,1091,R,16027425,R,14691,R,3,R,10500,R,3500,R,2,R,2250,R,1125,R,5,R,12750,R,2550
2223,126775,R,127,R,1940834,R,15282,R,8,R,105088,R,13136,R,135,R,2045922,R,15155,R,0,R,0,A,,R,0,R,0,A,,R,0,R,0,A,
2223,129020,R,143,R,2126469,R,14870,R,86,R,1213628,R,14112,R,229,R,3340097,R,14586,R,8,R,29750,R,3719,R,5,R,9000,R,1800,R,13,R,38750,R,2981
2223,130794,R,35,R,1268233,R,36235,R,7,R,206657,R,29522,R,42,R,1474890,R,35116,R,0,R,0,A,,R,0,R,0,A,,R,0,R,0,A,
2223,130943,R,198,R,2659012,R,13429,R,32,R,406222,R,12694,R,230,R,3065234,R,13327,R,20,R,75022,R,3751,R,7,R,21500,R,3071,R,27,R,96522,R,3575
2223,131159,R,125,R,4225905,R,33807,R,231,R,4782059,R,20702,R,356,R,9007964,R,25303,R,0,R,0,A,,R,36,R,69875,R,1941,R,36,R,69875,R,1941
2223,131469,R,256,R,6098117,R,23821,R,636,R,11834503,R,18608,R,892,R,17932620,R,20104,R,114,R,248650,R,2181,R,49,R,182253,R,3719,R,163,R,430903,R,2644
2223,131496,R,68,R,1540884,R,22660,R,701,R,13826567,R,19724,R,769,R,15367451,R,19984,R,0,R,0,A,,R,34,R,89231,R,2624,R,34,R,89231,R,2624
2223,131520,R,185,R,4520756,R,24437,R,69,R,1548082,R,22436,R,254,R,6068838,R,23893,R,0,R,0,A,,R,0,R,0,A,,R,0,R,0,A,
2223,133951,R,399,R,2437204,R,6108,R,142,R,1881020,R,13247,R,541,R,4318224,R,7982,R,34,R,109742,R,3228,R,4,R,9750,R,2438,R,38,R,119492,R,3145
2223,134097,R,470,R,2376278,R,5056,R,270,R,2251676,R,8340,R,740,R,4627954,R,6254,R,19,R,35502,R,1869,R,90,R,354826,R,3943,R,109,R,390328,R,3581
2223,134130,R,282,R,1289533,R,4573,R,382,R,5337280,R,13972,R,664,R,6626813,R,9980,R,10,R,23103,R,2310,R,91,R,172791,R,1899,R,101,R,195894,R,1940
2223,135726,R,131,R,4159091,R,31749,R,156,R,3705577,R,23754,R,287,R,7864668,R,27403,R,0,R,0,A,,R,0,R,0,A,,R,0,R,0,A,
2223,137351,R,801,R,3954181,R,4937,R,157,R,1490331,R,9493,R,958,R,5444512,R,5683,R,30,R,48240,R,1608,R,27,R,66921,R,2479,R,57,R,115161,R,2020
2223,139658,R,35,R,845385,R,24154,R,98,R,2340563,R,23883,R,133,R,3185948,R,23954,R,0,R,0,A,,R,0,R,0,A,,R,0,R,0,A,
2223,139755,R,144,R,1073478,R,7455,R,148,R,1624523,R,10977,R,292,R,2698001,R,9240,R,3,R,6320,R,2107,R,188,R,527143,R,2804,R,191,R,533463,R,2793
2223,139959,R,285,R,1947457,R,6833,R,209,R,3158460,R,15112,R,494,R,5105917,R,10336,R,18,R,34389,R,1911,R,14,R,23961,R,1712,R,32,R,58350,R,1823
2223,144050,R,99,R,4060926,R,41019,R,133,R,5099476,R,38342,R,232,R,9160402,R,39484,R,0,R,0,A,,R,2,R,4983,R,2492,R,2,R,4983,R,2492
2223,145600,R,200,R,2291823,R,11459,R,83,R,1481983,R,17855,R,283,R,3773806,R,13335,R,6,R,23750,R,3958,R,0,R,0,A,,R,6,R,23750,R,3958
2223,145637,R,125,R,1528270,R,12226,R,117,R,871645,R,7450,R,242,R,2399915,R,9917,R,4,R,10000,R,2500,R,48,R,206522,R,4303,R,52,R,216522,R,4164
2223,147767,R,67,R,2254651,R,33652,R,119,R,3250038,R,27311,R,186,R,5504689,R,29595,R,0,R,0,A,,R,0,R,0,A,,R,0,R,0,A,
2223,151351,R,199,R,1893129,R,9513,R,173,R,2936709,R,16975,R,372,R,4829838,R,12983,R,36,R,124564,R,3460,R,24,R,49478,R,2062,R,60,R,174042,R,2901
2223,152080,R,81,R,3174794,R,39195,R,54,R,1337184,R,24763,R,135,R,4511978,R,33422,R,0,R,0,A,,R,0,R,0,A,,R,0,R,0,A,
2223,160472,R,1,R,12750,R,12750,A,,A,,A,,R,1,R,12750,R,12750,R,0,R,0,A,,A,,A,,A,,R,0,R,0,A,
2223,160755,R,50,R,982459,R,19649,R,88,R,1399692,R,15906,R,138,R,2382151,R,17262,R,0,R,0,A,,R,6,R,13250,R,2208,R,6,R,13250,R,2208
2223,162928,R,31,R,817873,R,26383,R,955,R,14582850,R,15270,R,986,R,15400723,R,15619,R,0,R,0,A,,R,105,R,472500,R,4500,R,105,R,472500,R,4500
2223,163286,R,401,R,4149949,R,10349,R,200,R,4192300,R,20962,R,601,R,8342249,R,13881,R,17,R,56450,R,3321,R,15,R,36649,R,2443,R,32,R,93099,R,2909
2223,164924,R,43,R,917599,R,21340,R,80,R,1497611,R,18720,R,123,R,2415210,R,19636,R,0,R,0,A,,R,7,R,13000,R,1857,R,7,R,13000,R,1857
2223,164988,R,97,R,1725360,R,17787,R,169,R,2093618,R,12388,R,266,R,3818978,R,14357,R,2,R,9000,R,4500,R,40,R,162422,R,4061,R,42,R,171422,R,4081
2223,165015,R,12,R,494578,R,41215,R,8,R,186740,R,23343,R,20,R,681318,R,34066,R,0,R,0,A,,R,0,R,0,A,,R,0,R,0,A,
2223,166027,R,92,R,1949555,R,21191,R,309,R,7137856,R,23100,R,401,R,9087411,R,22662,R,9,R,21380,R,2376,R,38,R,80083,R,2107,R,47,R,101463,R,2159
2223,166629,R,170,R,2331224,R,13713,R,65,R,607399,R,9345,R,235,R,2938623,R,12505,R,5,R,8500,R,1700,R,12,R,23750,R,1979,R,17,R,32250,R,1897
2223,166683,R,26,R,775629,R,29832,R,58,R,2350269,R,40522,R,84,R,3125898,R,37213,R,0,R,0,A,,R,0,R,0,A,,R,0,R,0,A,
2223,167358,R,110,R,3729451,R,33904,R,67,R,1557094,R,23240,R,177,R,5286545,R,29867,R,0,R,0,A,,R,12,R,48368,R,4031,R,12,R,48368,R,4031
2223,168148,R,24,R,627742,R,26156,R,69,R,1834903,R,26593,R,93,R,2462645,R,26480,R,1,R,2750,R,2750,R,5,R,9750,R,1950,R,6,R,12500,R,2083
2223,168421,R,41,R,905109,R,22076,R,19,R,197054,R,10371,R,60,R,1102163,R,18369,R,0,R,0,A,,R,0,R,0,A,,R,0,R,0,A,
2223,170976,R,198,R,3091610,R,15614,R,198,R,7221418,R,36472,R,396,R,10313028,R,26043,R,10,R,33000,R,3300,R,8,R,15625,R,1953,R,18,R,48625,R,2701
2223,171100,R,273,R,3897829,R,14278,R,180,R,2814475,R,15636,R,453,R,6712304,R,14817,R,15,R,36250,R,2417,R,13,R,31750,R,2442,R,28,R,68000,R,2429
2223,174066,R,293,R,3648174,R,12451,R,124,R,2986455,R,24084,R,417,R,6634629,R,15910,R,59,R,185000,R,3136,R,10,R,24750,R,2475,R,69,R,209750,R,3040
2223,179867,R,35,R,1340919,R,38312,R,67,R,1665749,R,24862,R,102,R,3006668,R,29477,R,0,R,0,A,,R,3,R,6625,R,2208,R,3,R,6625,R,2208
2223,182670,R,40,R,1518444,R,37961,R,42,R,1723200,R,41029,R,82,R,3241644,R,39532,R,0,R,0,A,,R,0,R,0,A,,R,0,R,0,A,
2223,185828,R,109,R,645969,R,5926,R,23,R,400696,R,17422,R,132,R,1046665,R,7929,R,8,R,13000,R,1625,R,8,R,28602,R,3575,R,16,R,41602,R,2600
2223,186131,R,10,R,277108,R,27711,R,3,R,90391,R,30130,R,13,R,367499,R,28269,R,0,R,0,A,,R,0,R,0,A,,R,0,R,0,A,
2223,186371,R,118,R,883053,R,7484,R,70,R,596876,R,8527,R,188,R,1479929,R,7872,R,7,R,13001,R,1857,R,1,R,750,R,750,R,8,R,13751,R,1719
2223,186380,R,319,R,2034151,R,6377,R,100,R,480713,R,4807,R,419,R,2514864,R,6002,R,3,R,5000,R,1667,R,2,R,1500,R,750,R,5,R,6500,R,1300
2223,186399,R,147,R,732592,R,4984,R,87,R,964842,R,11090,R,234,R,1697434,R,7254,R,2,R,5270,R,2635,R,1,R,2250,R,2250,R,3,R,7520,R,2507
2223,186867,R,23,R,515920,R,22431,R,29,R,522891,R,18031,R,52,R,1038811,R,19977,R,0,R,0,A,,R,0,R,0,A,,R,0,R,0,A,
2223,190415,R,109,R,3913826,R,35907,R,124,R,3049319,R,24591,R,233,R,6963145,R,29885,R,0,R,0,A,,R,0,R,0,A,,R,0,R,0,A,
2223,191241,R,134,R,3552428,R,26511,R,90,R,2599701,R,28886,R,224,R,6152129,R,27465,R,2,R,3250,R,1625,R,2,R,3750,R,1875,R,4,R,7000,R,1750
2223,193900,R,173,R,4004168,R,23145,R,280,R,6117046,R,21847,R,453,R,10121214,R,22343,R,3,R,9000,R,3000,R,4,R,8000,R,2000,R,7,R,17000,R,2429
2223,194824,R,48,R,1828257,R,38089,R,5,R,34530,R,6906,R,53,R,1862787,R,35147,R,0,R,0,A,,R,0,R,0,A,,R,0,R,0,A,
2223,195003,R,164,R,5044702,R,30760,R,16,R,346432,R,21652,R,180,R,5391134,R,29951,R,6,R,21250,R,3542,R,0,R,0,A,,R,6,R,21250,R,3542
2223,195030,R,53,R,1738128,R,32795,R,26,R,504878,R,19418,R,79,R,2243006,R,28392,R,0,R,0,A,,R,0,R,0,A,,R,0,R,0,A,
2223,196079,R,0,R,0,A,,R,0,R,0,A,,R,0,R,0,A,,R,0,R,0,A,,R,0,R,0,A,,R,0,R,0,A,
2223,196088,R,118,R,973989,R,8254,R,53,R,824405,R,15555,R,171,R,1798394,R,10517,R,0,R,0,A,,R,0,R,0,A,,R,0,R,0,A,
2223,196097,R,93,R,808872,R,8698,R,33,R,429450,R,13014,R,126,R,1238322,R,9828,R,7,R,24285,R,3469,R,3,R,5750,R,1917,R,10,R,30035,R,3004
2223,196413,R,229,R,7250531,R,31662,R,443,R,9156554,R,20669,R,672,R,16407085,R,24415,R,78,R,198253,R,2542,R,33,R,68500,R,2076,R,111,R,266753,R,2403
2223,197708,R,0,R,0,A,,R,1,R,9357,R,9357,R,1,R,9357,R,9357,R,0,R,0,A,,R,0,R,0,A,,R,0,R,0,A,
2223,198419,R,26,R,752539,R,28944,R,141,R,1235872,R,8765,R,167,R,1988411,R,11907,R,0,R,0,A,,R,0,R,0,A,,R,0,R,0,A,
2223,199120,R,217,R,1794728,R,8271,R,585,R,19811938,R,33867,R,802,R,21606666,R,26941,R,5,R,15588,R,3118,R,12,R,20659,R,1722,R,17,R,36247,R,2132
2223,199193,R,425,R,3486657,R,8204,R,147,R,1538558,R,10466,R,572,R,5025215,R,8785,R,25,R,62245,R,2490,R,18,R,48907,R,2717,R,43,R,111152,R,2585
2223,199847,R,29,R,743118,R,25625,R,62,R,1203910,R,19418,R,91,R,1947028,R,21396,R,0,R,0,A,,R,0,R,0,A,,R,0,R,0,A,
2223,201645,R,33,R,1116406,R,33830,R,48,R,1226382,R,25550,R,81,R,2342788,R,28923,R,0,R,0,A,,R,0,R,0,A,,R,0,R,0,A,
2223,204796,R,667,R,6185166,R,9273,R,153,R,2856072,R,18667,R,820,R,9041238,R,11026,R,22,R,68875,R,3131,R,2,R,7917,R,3959,R,24,R,76792,R,3200
2223,211440,R,30,R,900305,R,30010,R,57,R,1328243,R,23303,R,87,R,2228548,R,25615,R,0,R,0,A,,R,2,R,6500,R,3250,R,2,R,6500,R,3250
2223,212054,R,177,R,5426647,R,30659,R,56,R,430017,R,7679,R,233,R,5856664,R,25136,R,11,R,39403,R,3582,R,8,R,9526,R,1191,R,19,R,48929,R,2575
2223,213543,R,21,R,315407,R,15019,R,0,R,0,A,,R,21,R,315407,R,15019,R,0,R,0,A,,R,0,R,0,A,,R,0,R,0,A,
2223,214777,R,655,R,11186080,R,17078,R,41,R,1383337,R,33740,R,696,R,12569417,R,18060,R,19,R,85500,R,4500,R,2,R,5250,R,2625,R,21,R,90750,R,4321
2223,215062,R,25,R,733596,R,29344,R,161,R,5207943,R,32347,R,186,R,5941539,R,31944,R,0,R,0,A,,R,0,R,0,A,,R,0,R,0,A,
2223,215293,R,252,R,4392761,R,17432,R,70,R,1521657,R,21738,R,322,R,5914418,R,18368,R,2,R,7250,R,3625,R,3,R,10321,R,3440,R,5,R,17571,R,3514
2223,216597,R,62,R,2114845,R,34110,R,56,R,871704,R,15566,R,118,R,2986549,R,25310,R,0,R,0,A,,R,0,R,0,A,,R,0,R,0,A,
2223,217156,R,53,R,3065988,R,57849,R,21,R,629160,R,29960,R,74,R,3695148,R,49934,R,0,R,0,A,,R,1,R,4500,R,4500,R,1,R,4500,R,4500
2223,217882,R,443,R,6651255,R,15014,R,77,R,764736,R,9932,R,520,R,7415991,R,14262,R,26,R,108065,R,4156,R,27,R,89756,R,3324,R,53,R,197821,R,3732
2223,217925,R,13,R,163008,R,12539,R,34,R,315213,R,9271,R,47,R,478221,R,10175,R,3,R,5045,R,1682,R,8,R,12000,R,1500,R,11,R,17045,R,1550
2223,221999,R,28,R,626021,R,22358,R,156,R,2777333,R,17803,R,184,R,3403354,R,18496,R,0,R,0,A,,R,0,R,0,A,,R,0,R,0,A,
2223,223232,R,449,R,10942084,R,24370,R,231,R,3852231,R,16676,R,680,R,14794315,R,21756,R,0,R,0,A,,R,0,R,0,A,,R,0,R,0,A,
2223,227757,R,36,R,1030281,R,28619,R,97,R,2790513,R,28768,R,133,R,3820794,R,28728,R,0,R,0,A,,R,0,R,0,A,,R,0,R,0,A,
2223,228246,R,75,R,2986600,R,39821,R,121,R,2371730,R,19601,R,196,R,5358330,R,27338,R,0,R,0,A,,R,10,R,15750,R,1575,R,10,R,15750,R,1575
2223,228723,R,995,R,10521385,R,10574,R,312,R,4419702,R,14166,R,1307,R,14941087,R,11432,R,31,R,89000,R,2871,R,43,R,133071,R,3095,R,74,R,222071,R,3001
2223,228778,R,425,R,4102584,R,9653,R,143,R,3638496,R,25444,R,568,R,7741080,R,13629,R,6,R,12235,R,2039,R,26,R,114600,R,4408,R,32,R,126835,R,3964
2223,228875,R,284,R,10206145,R,35937,R,64,R,1467706,R,22933,R,348,R,11673851,R,33546,R,0,R,0,A,,R,0,R,0,A,,R,0,R,0,A,
2223,231624,R,240,R,4709862,R,19624,R,247,R,4565026,R,18482,R,487,R,9274888,R,19045,R,2,R,6000,R,3000,R,11,R,27565,R,2506,R,13,R,33565,R,2582
2223,234076,R,275,R,4921865,R,17898,R,254,R,10229953,R,40275,R,529,R,15151818,R,28642,R,3,R,12000,R,4000,R,7,R,15732,R,2247,R,10,R,27732,R,2773
2223,236948,R,425,R,4417420,R,10394,R,306,R,7639551,R,24966,R,731,R,12056971,R,16494,R,10,R,29843,R,2984,R,16,R,41916,R,2620,R,26,R,71759,R,2760
2223,239105,R,53,R,1059638,R,19993,R,37,R,497722,R,13452,R,90,R,1557360,R,17304,R,1,R,4000,R,4000,R,1,R,2250,R,2250,R,2,R,6250,R,3125
2223,240444,R,289,R,1965121,R,6800,R,113,R,1607861,R,14229,R,402,R,3572982,R,8888,R,6,R,17500,R,2917,R,2,R,2500,R,1250,R,8,R,20000,R,2500
2223,243744,R,39,R,1181995,R,30308,R,100,R,2554239,R,25542,R,139,R,3736234,R,26879,R,0,R,0,A,,R,0,R,0,A,,R,0,R,0,A,
2223,243780,R,318,R,3167659,R,9961,R,151,R,1697426,R,11241,R,469,R,4865085,R,10373,R,69,R,271673,R,3937,R,51,R,144203,R,2828,R,120,R,415876,R,3466
2223,445188,R,7,R,76051,R,10864,R,0,R,0,A,,R,7,R,76051,R,10864,R,0,R,0,A,,R,0,R,0,A,,R,0,R,0,A,
